name,city,region,country,website,source_url,reviewed_at,status,reason
Whiskers Cat Lounge,Corvallis,OR,US,https://whiskerscatlounge.square.site/,https://whiskerscatlounge.square.site/,2026-07-06,promoted,verified from official Square source and promoted to cat-cafes.csv
Crooked Tail Cat Cafe Winston-Salem,Winston-Salem,NC,US,,https://www.theneighborscat.com/cat-cafe-directory/crookedtailwinstonsalem,2026-07-06,not_current,current official Crooked Tail site exposes only the Greensboro location already curated; old Winston-Salem directory entry not published
Waffles and Whiskers Cat Cafe,Kernersville,NC,US,,https://www.theneighborscat.com/cat-cafe-directory/wafflesandwhiskers,2026-07-06,not_current,external directory lists 2019 location but listed official domain wafflesandwhiskers.com no longer resolves; not published without current official evidence
Cat Tales Cat Cafe,Chapel Hill,NC,US,,https://www.theneighborscat.com/cat-cafe-directory/cattalescatcafe,2026-07-06,promoted,verified from current official source and promoted to cat-cafes.csv
Constellation Cat Cafe,East Lansing,MI,US,,https://www.theneighborscat.com/cat-cafe-directory/constellationcatcafe,2026-07-06,promoted,verified from current official source and promoted to cat-cafes.csv
Catsbury Park,Asbury Park,NJ,US,,https://www.theneighborscat.com/cat-cafe-directory/catsburypark,2026-07-06,promoted,verified from current official source and promoted to cat-cafes.csv
Morgan's Cat Cafe,Red Hook,NY,US,,https://www.theneighborscat.com/cat-cafe-directory/morganscatcafe,2026-07-06,unverified,external directory lists 2019 location but current searches only found social-login pages and no official/current public evidence; not published
Feline Cafe,Ottawa,ON,CA,,https://www.theneighborscat.com/cat-cafe-directory/felinecafe,2026-07-06,unverified,external directory lists 2019 location but current site is behind bot protection and searches did not expose official/current public evidence; not published
Mad Catter Cafe,St. John's,NL,CA,,https://www.theneighborscat.com/cat-cafe-directory/madcattercafe,2026-07-06,promoted,verified from current official source and promoted to cat-cafes.csv
Miss J La's Fur Babies Cat Cafe,Winnipeg,MB,CA,,https://www.theneighborscat.com/cat-cafe-directory/ms-j-las-fur-babies-cat-cafe,2026-07-06,unverified,external directory lists 2019 location but current searches only found social-login pages and no official/current public evidence; not published
The Purrfect Bean,Richmond,VA,US,,https://www.axios.com/local/richmond/2025/08/15/richmond-cat-cafe-opens-adorable-adoptable-kitten,2026-07-06,not_current,"Reviewed 2026-07-06; not published because current public evidence indicates closure, temporary closure, unrelated redirect, expired site, or not-yet-open status."
All the Single Kitties Cat Cafe,Old Saybrook,CT,US,https://allthesinglekitties.org/,https://www.ctinsider.com/food/article/usa-today-best-cat-cafes-mew-haven-20421125.php,2026-07-06,promoted,verified from current official source and promoted to cat-cafes.csv
Perk and Paws Cat Cafe,Torrington,CT,US,https://perkandpawscatcafe.com/,https://www.ctinsider.com/food/article/usa-today-best-cat-cafes-mew-haven-20421125.php,2026-07-06,promoted,verified from current official source and promoted to cat-cafes.csv
Marcies Angels Cat Cafe,Glastonbury,CT,US,https://www.marciesangelscatcafe.com/,https://www.ctinsider.com/food/article/usa-today-best-cat-cafes-mew-haven-20421125.php,2026-07-06,promoted,verified from current official source and promoted to cat-cafes.csv
The Purrfect Lounge,Plainville,CT,US,,https://www.ctinsider.com/living/article/purrfect-lounge-cat-plainville-ct-simon-foundation-20189314.php,2026-07-06,promoted,verified from local news source and promoted to cat-cafes.csv
Cattfeinated Cat Cafe,Greensburg,PA,US,https://www.greensburgcatcafe.com/,https://www.axios.com/local/pittsburgh/2025/03/25/cat-cafe-lounge-pittsburgh,2026-07-06,promoted,verified from current official source and promoted to cat-cafes.csv
Kitty Queen Cat Rescue,Pittsburgh,PA,US,https://kittyqueencatrescue.com/,https://www.axios.com/local/pittsburgh/2025/03/25/cat-cafe-lounge-pittsburgh,2026-07-06,promoted,verified from current official source and promoted to cat-cafes.csv
Cats N'At,Wexford,PA,US,https://www.catspgh.com/,https://www.axios.com/local/pittsburgh/2025/03/25/cat-cafe-lounge-pittsburgh,2026-07-06,promoted,verified from current official source and promoted to cat-cafes.csv
Whisker Wonderland Cat Lounge,Bellevue,PA,US,https://whiskerwonderlandcatlounge.com/,https://www.axios.com/local/pittsburgh/2025/03/25/cat-cafe-lounge-pittsburgh,2026-07-06,promoted,verified from current official source and promoted to cat-cafes.csv
Kitty Co. Cat Rescue and Lounge,Bridgeville,PA,US,,https://www.axios.com/local/pittsburgh/2026/03/03/kitty-co-cat-cafe-bridgeville-opens,2026-07-06,promoted,verified from March 2026 news source and promoted to cat-cafes.csv
Cozy Cats Cafe,Sanford,MI,US,https://www.cozycatscafe.com/,https://www.ourmidland.com/community/article/cozy-cats-cafe-sanford-add-food-needs-cattery-20302668.php,2026-07-06,promoted,verified from current official source and promoted to cat-cafes.csv
The Kitty Beautiful,Orlando,FL,US,https://thekittybeautiful.com/,https://www.theneighborscat.com/united-states,2026-07-06,promoted,verified from current official source and promoted to cat-cafes.csv
Orlando Cat Cafe,Clermont,FL,US,https://www.orlandocatcafe.com/,https://www.theneighborscat.com/united-states,2026-07-06,promoted,verified from current official source and promoted to cat-cafes.csv
Hawaii Cat Cafe,Honolulu,HI,US,https://www.hawaiicatcafe.org/,https://www.theneighborscat.com/united-states,2026-07-06,unverified,"Reviewed 2026-07-06; not published because current first-party/public evidence did not strongly confirm all required facts: active/open status, public visitor cat interaction, and a usable address."
Tiny Lions Lounge & Adoption Center,Ann Arbor,MI,US,https://www.tinylions.org/,https://www.theneighborscat.com/united-states,2026-07-06,promoted,verified from current official source and promoted to cat-cafes.csv
Kzoo Cat Cafe and Rescue,Kalamazoo,MI,US,https://www.kzoocatcafe.com/,https://www.theneighborscat.com/united-states,2026-07-06,promoted,verified from current official source and promoted to cat-cafes.csv
Felius Cat Cafe,Omaha,NE,US,https://felius.org/,https://www.theneighborscat.com/united-states,2026-07-06,promoted,verified from current official source and promoted to cat-cafes.csv
MeWow Cat Cafe,Doylestown,PA,US,https://mewow.cafe/,https://www.theneighborscat.com/united-states,2026-07-06,promoted,verified from current official source and promoted to cat-cafes.csv
Cat Nook Cafe,Norwood,PA,US,https://catnookcafe.com/,https://www.theneighborscat.com/united-states,2026-07-06,promoted,verified from current official source and promoted to cat-cafes.csv
Le Cat Cafe,Philadelphia,PA,US,https://www.lecatcafe.org/,https://www.theneighborscat.com/united-states,2026-07-06,promoted,verified from current official source and promoted to cat-cafes.csv
The Dancing Cat,San Jose,CA,US,https://www.thedancingcat.org/,https://www.theneighborscat.com/united-states,2026-07-06,not_current,"Reviewed 2026-07-06; not published because current public evidence indicates closure, temporary closure, unrelated redirect, expired site, or not-yet-open status."
Kawaii Kitty Cafe,Philadelphia,PA,US,,https://www.theneighborscat.com/united-states,2026-07-06,not_current,external directory lists old cafe but current official domain shows unrelated gambling content; not published without current official evidence
The Catio,Nashville,TN,US,,https://www.theneighborscat.com/united-states,2026-07-06,not_current,external directory lists old cafe but current official domain shows unrelated gambling content; not published without current official evidence
Catmosphere Laguna,Laguna Beach,CA,US,https://www.catmospherelaguna.com/,https://www.theneighborscat.com/united-states,2026-07-06,not_current,official site says cafe is currently closed; rescue/adoptions continue but not current public cat cafe visits
Knead CATffeine,Chino Hills,CA,US,,https://www.theneighborscat.com/united-states,2026-07-06,not_current,external directory lists old cafe but current official domain redirects to unrelated gambling content; not published without current official evidence
Fat Cat Cafe,Tallahassee,FL,US,https://www.fatcatcafetally.com/,https://www.theneighborscat.com/united-states,2026-07-06,promoted,verified from current official source and promoted to cat-cafes.csv
Bertha's Beans Cat Cafe,Columbia,MO,US,https://berthasbeans.com/,https://www.theneighborscat.com/united-states,2026-07-06,promoted,verified from current official source after old Papa's Cat Cafe domain redirected to current brand; promoted to cat-cafes.csv
Safe Haven Pet Sanctuary,Green Bay,WI,US,https://safehavenpet.org/,https://www.theneighborscat.com/united-states,2026-07-06,not_current,official site says sanctuary is temporarily closed; not published as current cat cafe visits
Karma Kat Cafe,Mount Pleasant,MI,US,https://www.karmakatcafe.com/,https://www.theneighborscat.com/united-states,2026-07-06,promoted,verified from current official source and promoted to cat-cafes.csv
Happy Cat Cafe,Grand Rapids,MI,US,https://www.happycatgr.com/,https://www.theneighborscat.com/united-states,2026-07-06,unverified,"Reviewed 2026-07-06; not published because current first-party/public evidence did not strongly confirm all required facts: active/open status, public visitor cat interaction, and a usable address."
Buckminster's Cat Cafe,Buffalo,NY,US,,https://www.theneighborscat.com/united-states,2026-07-06,unverified,external directory lists 2019 cafe but current official domain is private/inaccessible; not published without current official evidence
Purrfect Cafe and Gallery,Buffalo,NY,US,,https://www.theneighborscat.com/united-states,2026-07-06,not_current,external directory lists 2019 cafe but current official domain redirects to unrelated gambling content; not published without current official evidence
Purr Catfe,Fayetteville,AR,US,,https://www.theneighborscat.com/united-states,2026-07-06,unverified,external directory lists old cafe but current official domain does not resolve; not published without current official evidence
La Gattara Cat Lounge,Tempe,AZ,US,,https://www.theneighborscat.com/united-states,2026-07-06,unverified,external directory lists old cafe but current official domain does not resolve; not published without current official evidence
Caturday,Brea,CA,US,,https://www.theneighborscat.com/united-states,2026-07-06,unverified,external directory lists old cafe but current official domain does not resolve; not published without current official evidence
Crescent City Cat Club,New Orleans,LA,US,,https://www.theneighborscat.com/united-states,2026-07-06,unverified,external directory lists 2019 cafe but current official domain does not resolve; not published without current official evidence
Kittens in Cups,Annapolis,MD,US,,https://www.theneighborscat.com/united-states,2026-07-06,not_current,external directory lists 2019 cafe but current official domain shows unrelated shopping/gambling content; not published without current official evidence
Mewsic Kitty Cafe,Nashville,TN,US,,https://www.theneighborscat.com/united-states,2026-07-06,not_current,external directory lists 2019 cafe but current official domain is a placeholder page; not published without current official evidence
Tabby's Catfe,Menomonie,WI,US,,https://www.theneighborscat.com/united-states,2026-07-06,unverified,external directory lists 2018 cafe but no official website is listed and current web checks did not expose stable first-party evidence; not published
Purringtons Cat Lounge,Portland,OR,US,,https://www.theneighborscat.com/united-states,2026-07-06,not_current,external directory lists old Portland cafe but current official domain does not resolve and public references report closure; not published
Organic Cat Cafe,Greenville,SC,US,,https://www.theneighborscat.com/united-states,2026-07-06,unverified,external directory lists old cafe but current official domain does not resolve; not published without current official evidence
Happy Tabby Cat Cafe,Atlanta,GA,US,https://happytabbycatcafe.com/,https://www.theneighborscat.com/united-states,2026-07-06,not_current,"Reviewed 2026-07-06; not published because current public evidence indicates closure, temporary closure, unrelated redirect, expired site, or not-yet-open status."
Purrvana Cat Cafe,Savannah,GA,US,,https://www.theneighborscat.com/united-states,2026-07-06,unverified,external directory lists old cafe but current official domain does not resolve; not published without current official evidence
Windy Kitty Cat Cafe,Chicago,IL,US,,https://www.theneighborscat.com/united-states,2026-07-06,unverified,external directory lists old cafe but current official domain does not resolve; not published without current official evidence
Whisker Cat Cafe Grande Prairie,Grande Prairie,AB,CA,,https://catcafemap.com/cat-cafe/whisker-cat-cafe-grande-prairie,2026-07-06,unverified,"Reviewed 2026-07-06; not published because current first-party/public evidence did not strongly confirm all required facts: active/open status, public visitor cat interaction, and a usable address."
WHITE CATS CAFE,Abbotsford British,BC,CA,https://whitecats.ca,https://catcafemap.com/cat-cafe/white-cats-cafe-columbia,2026-07-06,unverified,"Reviewed 2026-07-06; not published because current first-party/public evidence did not strongly confirm all required facts: active/open status, public visitor cat interaction, and a usable address."
Catelowna Cat Cafe,Kelowna,BC,CA,http://www.catelowna.com,https://catcafemap.com/cat-cafe/catelowna-cat-cafe,2026-07-06,promoted,Verified from current first-party source and promoted to cat-cafes.csv on 2026-07-06.
Annie's Attic Thrift Shop & Cat Cafe,Winnipeg,MB,CA,https://anniesattic.ca/cat-cafe,https://catcafemap.com/cat-cafe/annies-attic-thrift-shop-cat-cafe,2026-07-06,promoted,Verified from current first-party source and promoted to cat-cafes.csv on 2026-07-06.
Cleocatra Cafe Osborne,Winnipeg,MB,CA,https://cleocatracafe.ca,https://catcafemap.com/cat-cafe/cleocatra-cafe-osborne,2026-07-06,unverified,"Reviewed 2026-07-06; not published because current first-party/public evidence did not strongly confirm all required facts: active/open status, public visitor cat interaction, and a usable address."
Cleocatra Cafe Portage,Winnipeg,MB,CA,https://cleocatracafe.ca,https://catcafemap.com/cat-cafe/cleocatra-cafe-portage,2026-07-06,unverified,"Reviewed 2026-07-06; not published because current first-party/public evidence did not strongly confirm all required facts: active/open status, public visitor cat interaction, and a usable address."
Mad Catter Cat Cafe,St Johns,NL,CA,https://www.madcattercafe.com,https://catcafemap.com/cat-cafe/mad-catter-cat-cafe,2026-07-06,duplicate,Reviewed 2026-07-06; not published because this candidate duplicates an existing curated row.
The Cat Lounge at Glasshouse Nursery,Chatham,ON,CA,https://pawr.org/event/catlounge/,https://catcafemap.com/cat-cafe/the-cat-lounge-at-glasshouse-nursery,2026-07-06,unverified,"Reviewed 2026-07-06; not published because current first-party/public evidence did not strongly confirm all required facts: active/open status, public visitor cat interaction, and a usable address."
Little Paws Cat Cafe,Haileybury,ON,CA,https://www.littlepawscatcafe.com,https://catcafemap.com/cat-cafe/little-paws-cat-cafe,2026-07-06,unverified,"Reviewed 2026-07-06; not published because current first-party/public evidence did not strongly confirm all required facts: active/open status, public visitor cat interaction, and a usable address."
Niagara Falls Cat Cafe,Niagara Falls,ON,CA,https://niagarafallscatcafe.ca,https://catcafemap.com/cat-cafe/niagara-falls-cat-cafe,2026-07-06,unverified,"Reviewed 2026-07-06; not published because current first-party/public evidence did not strongly confirm all required facts: active/open status, public visitor cat interaction, and a usable address."
Meow Woo Studio,Richmond Hill,ON,CA,,https://catcafemap.com/cat-cafe/meow-woo-studio-ontario,2026-07-06,unverified,"Reviewed 2026-07-06; not published because current first-party/public evidence did not strongly confirm all required facts: active/open status, public visitor cat interaction, and a usable address."
The Sault's Cat-urday Cafe,Sault Ste Marie,ON,CA,https://saultscaturdaycafe.wixsite.com/cat-urday-cat-cafe,https://catcafemap.com/cat-cafe/the-saults-cat-urday-cafe,2026-07-06,unverified,"Reviewed 2026-07-06; not published because current first-party/public evidence did not strongly confirm all required facts: active/open status, public visitor cat interaction, and a usable address."
Purrfect Pet Cafe,Thornhill,ON,CA,https://www.purrfectpetcafe.com,https://catcafemap.com/cat-cafe/purrfect-pet-cafe,2026-07-06,unverified,"Reviewed 2026-07-06; not published because current first-party/public evidence did not strongly confirm all required facts: active/open status, public visitor cat interaction, and a usable address."
Lazy Cat Cafe,Toronto,ON,CA,,https://catcafemap.com/cat-cafe/lazy-cat-cafe,2026-07-06,unverified,"Reviewed 2026-07-06; not published because current first-party/public evidence did not strongly confirm all required facts: active/open status, public visitor cat interaction, and a usable address."
Purrfect Café,Toronto,ON,CA,http://www.purrfectcafe.ca/,https://catcafemap.com/cat-cafe/purrfect-cafe-2,2026-07-06,promoted,Verified from current first-party source and promoted to cat-cafes.csv on 2026-07-06.
Yay for Strays Cat Cafe,Windsor,ON,CA,https://yayforstrays.ca,https://catcafemap.com/cat-cafe/yay-for-strays-cat-cafe,2026-07-06,unverified,"Reviewed 2026-07-06; not published because current first-party/public evidence did not strongly confirm all required facts: active/open status, public visitor cat interaction, and a usable address."
Cafe Felin,Quebec City,QC,CA,https://cafemalangueauxchats.ca,https://catcafemap.com/cat-cafe/cafe-felin,2026-07-06,duplicate,Reviewed 2026-07-06; not published because this candidate duplicates an existing curated row.
The Purrfect Cup Cat Cafe,Saskatoon,SK,CA,https://www.thepurrfectcup.ca,https://catcafemap.com/cat-cafe/the-purrfect-cup-cat-cafe,2026-07-06,unverified,"Reviewed 2026-07-06; not published because current first-party/public evidence did not strongly confirm all required facts: active/open status, public visitor cat interaction, and a usable address."
Lotus Catfe,Alabaster,AL,US,https://www.thelotuscatfe.com,https://catcafemap.com/cat-cafe/lotus-catfe,2026-07-06,unverified,"Reviewed 2026-07-06; not published because current first-party/public evidence did not strongly confirm all required facts: active/open status, public visitor cat interaction, and a usable address."
"Cattyshack, Inc.",Huntsville,AL,US,https://cattyshackhuntsville.org,https://catcafemap.com/cat-cafe/cattyshack-inc,2026-07-06,promoted,Verified from current first-party source and promoted to cat-cafes.csv on 2026-07-06.
Colbert County Cat Cafe,Tuscumbia,AL,US,,https://catcafemap.com/cat-cafe/colbert-county-cat-cafe,2026-07-06,unverified,"Reviewed 2026-07-06; not published because current first-party/public evidence did not strongly confirm all required facts: active/open status, public visitor cat interaction, and a usable address."
Smitten Kitten NWA,Fayetteville,AR,US,https://smittenkittennwa.square.site,https://catcafemap.com/cat-cafe/smitten-kitten-nwa,2026-07-06,unverified,"Reviewed 2026-07-06; not published because current first-party/public evidence did not strongly confirm all required facts: active/open status, public visitor cat interaction, and a usable address."
Something Pawsitive,Paragould,AR,US,https://www.somethingpawsitive.com,https://catcafemap.com/cat-cafe/something-pawsitive,2026-07-06,promoted,Verified from current first-party source and promoted to cat-cafes.csv on 2026-07-06.
PHX Cat Cafe - North Phoenix,Glendale,AZ,US,https://phxcatcafe.org,https://catcafemap.com/cat-cafe/phx-cat-cafe-north-phoenix,2026-07-06,unverified,"Reviewed 2026-07-06; not published because current first-party/public evidence did not strongly confirm all required facts: active/open status, public visitor cat interaction, and a usable address."
Hunter's Kitten Lounge,Tucson,AZ,US,https://hunterskittenlounge.org,https://catcafemap.com/cat-cafe/hunters-kitten-lounge,2026-07-06,unverified,"Reviewed 2026-07-06; not published because current first-party/public evidence did not strongly confirm all required facts: active/open status, public visitor cat interaction, and a usable address."
Cat Cafe Rescue,Chino Hills,CA,US,https://chinohillscatadoptioncenter.com,https://catcafemap.com/cat-cafe/cat-cafe-rescue,2026-07-06,promoted,Verified from current first-party source and promoted to cat-cafes.csv on 2026-07-06.
Knead Cattfeine,Chino Hills,CA,US,,https://catcafemap.com/cat-cafe/knead-cattfeine,2026-07-06,unverified,"Reviewed 2026-07-06; not published because current first-party/public evidence did not strongly confirm all required facts: active/open status, public visitor cat interaction, and a usable address."
Tabby Tea Cat Lounge,Davis,CA,US,https://cattalesdavis.com/cat-lounge-adoptions,https://catcafemap.com/cat-cafe/tabby-tea-cat-lounge,2026-07-06,promoted,Verified from current first-party source and promoted to cat-cafes.csv on 2026-07-06.
Meows Rakuen,Gardena,CA,US,https://meowsrakuen.com,https://catcafemap.com/cat-cafe/meows-rakuen-california,2026-07-06,unverified,"Reviewed 2026-07-06; not published because current first-party/public evidence did not strongly confirm all required facts: active/open status, public visitor cat interaction, and a usable address."
The Caffeinated Cat Cafe,Grover Beach,CA,US,https://www.thecaffeinatedcatcafe.com,https://catcafemap.com/cat-cafe/the-caffeinated-cat-cafe,2026-07-06,unverified,"Reviewed 2026-07-06; not published because current first-party/public evidence did not strongly confirm all required facts: active/open status, public visitor cat interaction, and a usable address."
The Cat Lounge Rescue and Adoption Center,La Jolla,CA,US,https://thecatlounge.org,https://catcafemap.com/cat-cafe/the-cat-lounge-rescue-and-adoption-center,2026-07-06,unverified,"Reviewed 2026-07-06; not published because current first-party/public evidence did not strongly confirm all required facts: active/open status, public visitor cat interaction, and a usable address."
Champy’s Catfé,Lincoln,CA,US,https://www.fieldhavenmarketplace.com/champys-catfe,https://catcafemap.com/cat-cafe/champys-catfe,2026-07-06,promoted,Verified from current first-party source and promoted to cat-cafes.csv on 2026-07-06.
Feline Good Social Club,Long Beach,CA,US,https://felinegoodsocialclub.com,https://catcafemap.com/cat-cafe/feline-good-social-club,2026-07-06,unverified,"Reviewed 2026-07-06; not published because current first-party/public evidence did not strongly confirm all required facts: active/open status, public visitor cat interaction, and a usable address."
CatCafe Lounge,Los Angeles,CA,US,https://www.catcafelounge.com,https://catcafemap.com/cat-cafe/catcafe-lounge,2026-07-06,duplicate,Reviewed 2026-07-06; not published because this candidate duplicates an existing curated row.
The Cat Chillin’ Zone,Martinez,CA,US,https://catchillinzone.com,https://catcafemap.com/cat-cafe/cat-chillin-zone,2026-07-06,unverified,"Reviewed 2026-07-06; not published because current first-party/public evidence did not strongly confirm all required facts: active/open status, public visitor cat interaction, and a usable address."
Mini Cat Town Milpitas,Milpitas,CA,US,https://minicattown.org/visit-us/kitten-lounge-adoption-center-at-great-mall,https://catcafemap.com/cat-cafe/mini-cat-town-milpitas,2026-07-06,unverified,"Reviewed 2026-07-06; not published because current first-party/public evidence did not strongly confirm all required facts: active/open status, public visitor cat interaction, and a usable address."
Little Bean's Cat Cafe,Morgan Hill,CA,US,https://www.littlebeanscat.cafe,https://catcafemap.com/cat-cafe/little-bean-s-cat-cafe-california,2026-07-06,unverified,"Reviewed 2026-07-06; not published because current first-party/public evidence did not strongly confirm all required facts: active/open status, public visitor cat interaction, and a usable address."
Ella's CatHouse,Napa,CA,US,,https://catcafemap.com/cat-cafe/ellas-cathouse,2026-07-06,unverified,"Reviewed 2026-07-06; not published because current first-party/public evidence did not strongly confirm all required facts: active/open status, public visitor cat interaction, and a usable address."
Cats & Crystals,Oceanside,CA,US,https://catsandcrystals.com,https://catcafemap.com/cat-cafe/cats-and-crystals-california,2026-07-06,promoted,Verified from current first-party source and promoted to cat-cafes.csv on 2026-07-06.
Frisky Business Cat Café,Palm Springs,CA,US,https://www.friskybusinesscatcafe.com,https://catcafemap.com/cat-cafe/frisky-business-cat-cafe,2026-07-06,unverified,"Reviewed 2026-07-06; not published because current first-party/public evidence did not strongly confirm all required facts: active/open status, public visitor cat interaction, and a usable address."
Mini Cat Town Palo Alto,Palo Alto,CA,US,https://minicattown.org/kitten-lounge-adoption-center-at-stanford-shopping-center,https://catcafemap.com/cat-cafe/mini-cat-town-palo-alto,2026-07-06,unverified,"Reviewed 2026-07-06; not published because current first-party/public evidence did not strongly confirm all required facts: active/open status, public visitor cat interaction, and a usable address."
Tail Town Cat Cafe,Pasadena,CA,US,https://www.tailtowncats.com,https://catcafemap.com/cat-cafe/tail-town-cat-cafe,2026-07-06,promoted,Verified from current first-party source and promoted to cat-cafes.csv on 2026-07-06.
Mini Cat Town Pleasanton,Pleasanton,CA,US,https://minicattown.org/visit-us/kitten-lounge-adoption-center-at-stoneridge-shopping-center,https://catcafemap.com/cat-cafe/mini-cat-town-pleasanton,2026-07-06,unverified,"Reviewed 2026-07-06; not published because current first-party/public evidence did not strongly confirm all required facts: active/open status, public visitor cat interaction, and a usable address."
Whiskers and Wine Bar,San Diego,CA,US,https://www.whiskersandwinebar.com,https://catcafemap.com/cat-cafe/whiskers-and-wine-bar,2026-07-06,promoted,Verified from current first-party source and promoted to cat-cafes.csv on 2026-07-06.
Whiskerwood Haven,San Francisco,CA,US,https://whiskerwoodhaven.com,https://catcafemap.com/cat-cafe/whiskerwood-haven-california,2026-07-06,promoted,Verified from current first-party source and promoted to cat-cafes.csv on 2026-07-06.
Itty Bitty Kitty Cafe,San Jose,CA,US,https://www.ibokrescue.org/info/display?PageID=21948,https://catcafemap.com/cat-cafe/itty-bitty-kitty-cafe,2026-07-06,unverified,"Reviewed 2026-07-06; not published because current first-party/public evidence did not strongly confirm all required facts: active/open status, public visitor cat interaction, and a usable address."
Mini Cat Town San Jose,San Jose,CA,US,https://minicattown.org/visit-us/kitten-lounge-adoption-floor,https://catcafemap.com/cat-cafe/mini-cat-town,2026-07-06,unverified,"Reviewed 2026-07-06; not published because current first-party/public evidence did not strongly confirm all required facts: active/open status, public visitor cat interaction, and a usable address."
Mini Cat Town Santa Rosa,Santa Rosa,CA,US,https://minicattown.org/visit-us/kitten-lounge-adoption-center-at-santa-rosa-plaza,https://catcafemap.com/cat-cafe/mini-cat-town-santa-rosa,2026-07-06,unverified,"Reviewed 2026-07-06; not published because current first-party/public evidence did not strongly confirm all required facts: active/open status, public visitor cat interaction, and a usable address."
Purrrlandia Cat Lounge & Cafe,Thousand Oaks,CA,US,https://www.purrrlandia.com,https://catcafemap.com/cat-cafe/purrrlandia-cat-lounge-and-cafe-california,2026-07-06,unverified,"Reviewed 2026-07-06; not published because current first-party/public evidence did not strongly confirm all required facts: active/open status, public visitor cat interaction, and a usable address."
Fluffy Tail Cafe,Tustin,CA,US,http://www.fluffytailcafe.com,https://catcafemap.com/cat-cafe/fluffy-tail-cafe-california,2026-07-06,unverified,"Reviewed 2026-07-06; not published because current first-party/public evidence did not strongly confirm all required facts: active/open status, public visitor cat interaction, and a usable address."
Cassie's Cats,Ventura,CA,US,https://cassiescatsandkittens.org,https://catcafemap.com/cat-cafe/cassies-cats,2026-07-06,unverified,"Reviewed 2026-07-06; not published because current first-party/public evidence did not strongly confirm all required facts: active/open status, public visitor cat interaction, and a usable address."
Cat & Craft Cafe,Vista,CA,US,https://www.catandcraftcafe.com,https://catcafemap.com/cat-cafe/cat-craft-cafe,2026-07-06,not_current,"Reviewed 2026-07-06; not published because current public evidence indicates closure, temporary closure, unrelated redirect, expired site, or not-yet-open status."
Purrfect Pause Cat Cafe,Boulder,CO,US,https://www.purrfectpause.com,https://catcafemap.com/cat-cafe/purrfect-pause-cat-cafe,2026-07-06,unverified,"Reviewed 2026-07-06; not published because current first-party/public evidence did not strongly confirm all required facts: active/open status, public visitor cat interaction, and a usable address."
Biscuit Factory Cat Lounge,Colorado Springs,CO,US,https://www.biscuitfactorycat.com,https://catcafemap.com/cat-cafe/biscuit-factory-cat-lounge,2026-07-06,promoted,Verified from current first-party source and promoted to cat-cafes.csv on 2026-07-06.
Comfort and Joy Cat Cafe,Colorado Springs,CO,US,https://www.comfortandjoycatcafe.com,https://catcafemap.com/cat-cafe/comfort-and-joy-cat-cafe,2026-07-06,promoted,Verified from current first-party source and promoted to cat-cafes.csv on 2026-07-06.
Look What the Cat Dragged In,Colorado Springs,CO,US,https://lookwhatthecatbroughtin.org,https://catcafemap.com/cat-cafe/look-what-the-cat-dragged-in,2026-07-06,unverified,"Reviewed 2026-07-06; not published because current first-party/public evidence did not strongly confirm all required facts: active/open status, public visitor cat interaction, and a usable address."
Teddy Cat Cafe,Denver,CO,US,https://www.teddycatcafe.com,https://catcafemap.com/cat-cafe/teddy-cat-cafe,2026-07-06,unverified,"Reviewed 2026-07-06; not published because current first-party/public evidence did not strongly confirm all required facts: active/open status, public visitor cat interaction, and a usable address."
Elevated Communities Cat Cafe,Longmont,CO,US,https://elevatedcommunitiescatcafe.org,https://catcafemap.com/cat-cafe/elevated-communities-cat-cafe,2026-07-06,unverified,"Reviewed 2026-07-06; not published because current first-party/public evidence did not strongly confirm all required facts: active/open status, public visitor cat interaction, and a usable address."
Sassy Cat Club Cafe,Brandon,FL,US,https://sassycatclubcafe.com,https://catcafemap.com/cat-cafe/sassy-cat-club-cafe,2026-07-06,unverified,"Reviewed 2026-07-06; not published because current first-party/public evidence did not strongly confirm all required facts: active/open status, public visitor cat interaction, and a usable address."
Pure Joy Cat Cafe,Daytona Beach,FL,US,http://purejoycatcafe.com,https://catcafemap.com/cat-cafe/pure-joy-cat-cafe,2026-07-06,unverified,"Reviewed 2026-07-06; not published because current first-party/public evidence did not strongly confirm all required facts: active/open status, public visitor cat interaction, and a usable address."
DeLand Cat Cafe,Deland,FL,US,https://www.delandcatcafe.com,https://catcafemap.com/cat-cafe/deland-cat-cafe,2026-07-06,unverified,"Reviewed 2026-07-06; not published because current first-party/public evidence did not strongly confirm all required facts: active/open status, public visitor cat interaction, and a usable address."
Cara's Cat Café,Destin,FL,US,https://carascatcafe.com,https://catcafemap.com/cat-cafe/caras-cat-cafe,2026-07-06,promoted,Verified from current first-party source and promoted to cat-cafes.csv on 2026-07-06.
Cattyshack Cafe,Fort Myers,FL,US,https://cattyshackcafe.com,https://catcafemap.com/cat-cafe/cattyshack-cafe,2026-07-06,promoted,Verified from current first-party source and promoted to cat-cafes.csv on 2026-07-06.
Purradise Springs Cat Sanctuary,Fort White,FL,US,https://www.purrapyinc.com/purradisesprings,https://catcafemap.com/cat-cafe/purradise-springs-cat-sanctuary,2026-07-06,unverified,"Reviewed 2026-07-06; not published because current first-party/public evidence did not strongly confirm all required facts: active/open status, public visitor cat interaction, and a usable address."
Feeline Good Cat Cafe,Gainesville,FL,US,,https://catcafemap.com/cat-cafe/feeline-good-cat-cafe,2026-07-06,unverified,"Reviewed 2026-07-06; not published because current first-party/public evidence did not strongly confirm all required facts: active/open status, public visitor cat interaction, and a usable address."
Caffeinated Cat,Jacksonville Beach,FL,US,,https://catcafemap.com/cat-cafe/caffeinated-cat,2026-07-06,unverified,"Reviewed 2026-07-06; not published because current first-party/public evidence did not strongly confirm all required facts: active/open status, public visitor cat interaction, and a usable address."
Maine Coon Manor Cat Cafe,Kissimmee,FL,US,https://mcmanor.com,https://catcafemap.com/cat-cafe/maine-coon-manor-cat-cafe,2026-07-06,unverified,"Reviewed 2026-07-06; not published because current first-party/public evidence did not strongly confirm all required facts: active/open status, public visitor cat interaction, and a usable address."
Kitty Cat Lounge,Lakeland,FL,US,https://kittycatlounge.com,https://catcafemap.com/cat-cafe/kitty-cat-lounge,2026-07-06,unverified,"Reviewed 2026-07-06; not published because current first-party/public evidence did not strongly confirm all required facts: active/open status, public visitor cat interaction, and a usable address."
Purrology Cafe,Lakeland,FL,US,https://www.purrologycafe.com,https://catcafemap.com/cat-cafe/purrology-cafe,2026-07-06,unverified,"Reviewed 2026-07-06; not published because current first-party/public evidence did not strongly confirm all required facts: active/open status, public visitor cat interaction, and a usable address."
Salty Cat Cafe,Panama City,FL,US,https://www.saltycatsrescue.org,https://catcafemap.com/cat-cafe/salty-cat-cafe,2026-07-06,promoted,Verified from current first-party source and promoted to cat-cafes.csv on 2026-07-06.
Central Purr,Panama City Beach,FL,US,https://www.centralpurrofpcb.com,https://catcafemap.com/cat-cafe/central-purr,2026-07-06,promoted,Verified from current first-party source and promoted to cat-cafes.csv on 2026-07-06.
Coastal Cat Cafe,Pensacola,FL,US,https://www.coastalcatpcola.com,https://catcafemap.com/cat-cafe/coastal-cat-cafe,2026-07-06,promoted,Verified from current first-party source and promoted to cat-cafes.csv on 2026-07-06.
Catnip Cafe & Lounge,Plant City,FL,US,,https://catcafemap.com/cat-cafe/catnip-cafe-lounge,2026-07-06,unverified,"Reviewed 2026-07-06; not published because current first-party/public evidence did not strongly confirm all required facts: active/open status, public visitor cat interaction, and a usable address."
The Kitty Cup,Port St Lucie,FL,US,https://thekittycup.com,https://catcafemap.com/cat-cafe/the-kitty-cup,2026-07-06,unverified,"Reviewed 2026-07-06; not published because current first-party/public evidence did not strongly confirm all required facts: active/open status, public visitor cat interaction, and a usable address."
Katy's Cat Café,Sarasota,FL,US,https://www.katyscatcafe.com,https://catcafemap.com/cat-cafe/katys-cat-cafe,2026-07-06,unverified,"Reviewed 2026-07-06; not published because current first-party/public evidence did not strongly confirm all required facts: active/open status, public visitor cat interaction, and a usable address."
Frisky Cat Cafe,St Augustine,FL,US,https://www.friskycatcafe.com,https://catcafemap.com/cat-cafe/frisky-cat-cafe,2026-07-06,unverified,"Reviewed 2026-07-06; not published because current first-party/public evidence did not strongly confirm all required facts: active/open status, public visitor cat interaction, and a usable address."
Witty Whisker Cat Cafe,St Augustine,FL,US,https://www.wittywhisker.com,https://catcafemap.com/cat-cafe/witty-whisker-cat-cafe,2026-07-06,unverified,"Reviewed 2026-07-06; not published because current first-party/public evidence did not strongly confirm all required facts: active/open status, public visitor cat interaction, and a usable address."
Whiskers Workspace,St Petersburg,FL,US,https://whiskersworkspace.com,https://catcafemap.com/cat-cafe/whiskers-workspace,2026-07-06,unverified,"Reviewed 2026-07-06; not published because current first-party/public evidence did not strongly confirm all required facts: active/open status, public visitor cat interaction, and a usable address."
Cats and Caffeine Cat Lounge,Tampa,FL,US,https://catscaffeine.com,https://catcafemap.com/cat-cafe/cats-and-caffeine-cat-lounge,2026-07-06,promoted,Verified from current first-party source and promoted to cat-cafes.csv on 2026-07-06.
The Frisky Whisker,Atlanta,GA,US,https://www.thefriskywhiskeratl.com,https://catcafemap.com/cat-cafe/the-frisky-whisker,2026-07-06,not_current,"Reviewed 2026-07-06; not published because current public evidence indicates closure, temporary closure, unrelated redirect, expired site, or not-yet-open status."
Java Cats Cafe Marietta,Marietta,GA,US,https://javacatsmarietta.com,https://catcafemap.com/cat-cafe/java-cats-cafe-marietta,2026-07-06,unverified,"Reviewed 2026-07-06; not published because current first-party/public evidence did not strongly confirm all required facts: active/open status, public visitor cat interaction, and a usable address."
Paws Awhile Cat Cafe,Perry,GA,US,https://www.pawsawhilecatcafe.com,https://catcafemap.com/cat-cafe/paws-awhile-cat-cafe,2026-07-06,promoted,Verified from current first-party source and promoted to cat-cafes.csv on 2026-07-06.
Entangled Cat Cafe & Market,Watkinsville,GA,US,https://www.entangledcatcafe.com,https://catcafemap.com/cat-cafe/entangled-cat-cafe-market,2026-07-06,unverified,"Reviewed 2026-07-06; not published because current first-party/public evidence did not strongly confirm all required facts: active/open status, public visitor cat interaction, and a usable address."
Cat Cafe Moff (PRC),Aiea,HI,US,https://moff-usa.com/locations/prc,https://catcafemap.com/cat-cafe/cat-cafe-moff-prc,2026-07-06,promoted,Verified from current first-party MOFF source and promoted to cat-cafes.csv on 2026-07-06.
Toe Beans & Dreams Adoption Cafe,Aiea,HI,US,https://www.toebeanshi.com,https://catcafemap.com/cat-cafe/toe-beans-dreams-adoption-cafe,2026-07-06,unverified,"Reviewed 2026-07-06; not published because current first-party/public evidence did not strongly confirm all required facts: active/open status, public visitor cat interaction, and a usable address."
Cat Cafe Moff (AMC),Honolulu,HI,US,https://moff-usa.com/locations/amc,https://catcafemap.com/cat-cafe/cat-cafe-moff-amc,2026-07-06,promoted,Verified from current first-party MOFF source and promoted to cat-cafes.csv on 2026-07-06.
Cat Cafe Moff (IMP),Honolulu,HI,US,https://moff-usa.com/locations/imp,https://catcafemap.com/cat-cafe/cat-cafe-moff-imp,2026-07-06,promoted,Verified from current first-party MOFF source and promoted to cat-cafes.csv on 2026-07-06.
Hawai'i Cat Cafe,Honolulu,HI,US,https://www.hawaiicatcafe.org,https://catcafemap.com/cat-cafe/hawaii-cat-cafe,2026-07-06,unverified,"Reviewed 2026-07-06; not published because current first-party/public evidence did not strongly confirm all required facts: active/open status, public visitor cat interaction, and a usable address."
Pounce Hawaii,Honolulu,HI,US,https://www.pouncehawaii.com,https://catcafemap.com/cat-cafe/pounce-hawaii,2026-07-06,unverified,"Reviewed 2026-07-06; not published because current first-party/public evidence did not strongly confirm all required facts: active/open status, public visitor cat interaction, and a usable address."
Cat Cafe Maui,Kahului,HI,US,https://catcafemaui.com,https://catcafemap.com/cat-cafe/cat-cafe-maui,2026-07-06,promoted,Verified from current first-party source and promoted to cat-cafes.csv on 2026-07-06.
Kona Kat Cafe,Kailua Kona,HI,US,https://www.konakatcafe.com,https://catcafemap.com/cat-cafe/kona-kat-cafe,2026-07-06,unverified,"Reviewed 2026-07-06; not published because current first-party/public evidence did not strongly confirm all required facts: active/open status, public visitor cat interaction, and a usable address."
TropiCats Kauai,Lihue,HI,US,https://www.tropicatskauai.com,https://catcafemap.com/cat-cafe/tropicats-kauai,2026-07-06,unverified,"Reviewed 2026-07-06; not published because current first-party/public evidence did not strongly confirm all required facts: active/open status, public visitor cat interaction, and a usable address."
Press Paws Cat Cafe & Game Room,Burlington,IA,US,https://www.presspawsburl.com,https://catcafemap.com/cat-cafe/press-paws-cat-cafe-and-game-room,2026-07-06,unverified,"Reviewed 2026-07-06; not published because current first-party/public evidence did not strongly confirm all required facts: active/open status, public visitor cat interaction, and a usable address."
Books and Meows,Davenport,IA,US,,https://catcafemap.com/cat-cafe/books-and-meows,2026-07-06,unverified,"Reviewed 2026-07-06; not published because current first-party/public evidence did not strongly confirm all required facts: active/open status, public visitor cat interaction, and a usable address."
Meowtown,Alton,IL,US,https://www.meowtownalton.org,https://catcafemap.com/cat-cafe/meowtown,2026-07-06,unverified,"Reviewed 2026-07-06; not published because current first-party/public evidence did not strongly confirm all required facts: active/open status, public visitor cat interaction, and a usable address."
The Cat's Meow Cafe,Bloomington,IL,US,,https://catcafemap.com/cat-cafe/the-cats-meow-cafe,2026-07-06,unverified,"Reviewed 2026-07-06; not published because current first-party/public evidence did not strongly confirm all required facts: active/open status, public visitor cat interaction, and a usable address."
The Kitty Crib,Champaign,IL,US,https://mooresrescueranch.org/the-kitty-crib,https://catcafemap.com/cat-cafe/the-kitty-crib,2026-07-06,promoted,Verified from current first-party source and promoted to cat-cafes.csv on 2026-07-06.
The Cat House Lounge & Boutique,Roselle,IL,US,https://www.thecathouselounge.com,https://catcafemap.com/cat-cafe/the-cat-house-lounge-boutique,2026-07-06,promoted,Verified from current first-party source and promoted to cat-cafes.csv on 2026-07-06.
Btown Meow Cat Cafe,Bloomington,IN,US,http://btownmeow.com,https://catcafemap.com/cat-cafe/btown-meow-cat-cafe,2026-07-06,promoted,Verified from current first-party source and promoted to cat-cafes.csv on 2026-07-06.
The Cat's Closet,Bloomington,IN,US,https://www.thecatscloset1.com,https://catcafemap.com/cat-cafe/the-cats-closet,2026-07-06,unverified,"Reviewed 2026-07-06; not published because current first-party/public evidence did not strongly confirm all required facts: active/open status, public visitor cat interaction, and a usable address."
Pawz Pet Cafe,Carmel,IN,US,https://www.pawzpetcafe.com,https://catcafemap.com/cat-cafe/pawz-pet-cafe,2026-07-06,unverified,"Reviewed 2026-07-06; not published because current first-party/public evidence did not strongly confirm all required facts: active/open status, public visitor cat interaction, and a usable address."
River Kitty Cat Café,Evansville,IN,US,https://www.riverkittycatcafe.org,https://catcafemap.com/cat-cafe/river-kitty-cat-cafe,2026-07-06,promoted,Verified from current first-party source and promoted to cat-cafes.csv on 2026-07-06.
Lazy Cat Lounge,Lafayette,IN,US,https://www.lazycatloungecafe.com,https://catcafemap.com/cat-cafe/lazy-cat-lounge,2026-07-06,unverified,"Reviewed 2026-07-06; not published because current first-party/public evidence did not strongly confirm all required facts: active/open status, public visitor cat interaction, and a usable address."
The Catmosphere,Terre Haute,IN,US,https://www.thecatmosphere.com,https://catcafemap.com/cat-cafe/catmosphere-cat-cafe,2026-07-06,unverified,"Reviewed 2026-07-06; not published because current first-party/public evidence did not strongly confirm all required facts: active/open status, public visitor cat interaction, and a usable address."
The Glass Cat Cafe,Kansas City,KS,US,https://www.facebook.com/people/The-Glass-Cat/100091510443465,https://catcafemap.com/cat-cafe/the-glass-cat-cafe-kansas,2026-07-06,unverified,"Reviewed 2026-07-06; not published because current first-party/public evidence did not strongly confirm all required facts: active/open status, public visitor cat interaction, and a usable address."
The Literary Cat Co. Bookstore & Cat Lounge,Pittsburg,KS,US,https://theliterarycatco.com/home,https://catcafemap.com/cat-cafe/the-literary-cat-co-bookstore-cat-lounge,2026-07-06,unverified,"Reviewed 2026-07-06; not published because current first-party/public evidence did not strongly confirm all required facts: active/open status, public visitor cat interaction, and a usable address."
Second Cup Cat Cafe,Shawnee,KS,US,https://secondcupcatcafe.com,https://catcafemap.com/cat-cafe/second-cup-cat-cafe,2026-07-06,promoted,Verified from current first-party source and promoted to cat-cafes.csv as Second Cup Cat Cafe Shawnee on 2026-07-06.
Snick's Cat Cafe,Wichita,KS,US,https://www.snickscatcafe.com,https://catcafemap.com/cat-cafe/snicks-cat-cafe,2026-07-06,unverified,"Reviewed 2026-07-06; not published because current first-party/public evidence did not strongly confirm all required facts: active/open status, public visitor cat interaction, and a usable address."
Lucy & Oscar's Cat Cafe,Elizabethtown,KY,US,https://www.lucyandoscarscatcafe.com,https://catcafemap.com/cat-cafe/lucy-and-oscars-cat-cafe,2026-07-06,unverified,"Reviewed 2026-07-06; not published because current first-party/public evidence did not strongly confirm all required facts: active/open status, public visitor cat interaction, and a usable address."
Bourbon Tails Cat Cafe,Lawrenceburg,KY,US,https://bourbontailscatcafe.org,https://catcafemap.com/cat-cafe/bourbon-tails-cat-cafe,2026-07-06,unverified,"Reviewed 2026-07-06; not published because current first-party/public evidence did not strongly confirm all required facts: active/open status, public visitor cat interaction, and a usable address."
Tortitude Cat Cafe,Paducah,KY,US,https://www.tortitudecatcafe.com,https://catcafemap.com/cat-cafe/tortitude-cat-cafe,2026-07-06,unverified,"Reviewed 2026-07-06; not published because current first-party/public evidence did not strongly confirm all required facts: active/open status, public visitor cat interaction, and a usable address."
Calico Cat Cafe,Folsom,LA,US,https://www.bigskyranch.org/adopt,https://catcafemap.com/cat-cafe/calico-cat-cafe,2026-07-06,unverified,"Reviewed 2026-07-06; not published because current first-party/public evidence did not strongly confirm all required facts: active/open status, public visitor cat interaction, and a usable address."
Second Chance Cat Cafe,Houma,LA,US,http://www.secondchancecatcafe.com,https://catcafemap.com/cat-cafe/second-chance-cat-cafe,2026-07-06,promoted,Verified from current first-party source and promoted to cat-cafes.csv on 2026-07-06.
NOLA Cat Lounge,New Orleans,LA,US,https://nolacatlounge.com/,https://catcafemap.com/cat-cafe/nola-cat-lounge,2026-07-06,unverified,"Reviewed 2026-07-06; not published because current first-party/public evidence did not strongly confirm all required facts: active/open status, public visitor cat interaction, and a usable address."
Camelot Cat Cafe,Greenfield,MA,US,https://camelotcatcafe.com,https://catcafemap.com/cat-cafe/camelot-cat-cafe,2026-07-06,unverified,"Reviewed 2026-07-06; not published because current first-party/public evidence did not strongly confirm all required facts: active/open status, public visitor cat interaction, and a usable address."
Affogatto,Baltimore,MD,US,https://affogatto.com,https://catcafemap.com/cat-cafe/affogatto-maryland,2026-07-06,promoted,Verified from current first-party source and promoted to cat-cafes.csv on 2026-07-06.
Meow Dyer Cat Cafe,Leonardtown,MD,US,https://www.meowdyercatcafe.com,https://catcafemap.com/cat-cafe/meow-dyer,2026-07-06,promoted,Verified from current first-party source and promoted to cat-cafes.csv on 2026-07-06.
Feline Felons Cat Cafe,Waldorf,MD,US,https://www.felinefelonscatcafe.com,https://catcafemap.com/cat-cafe/feline-felons-cat-cafe,2026-07-06,unverified,"Reviewed 2026-07-06; not published because current first-party/public evidence did not strongly confirm all required facts: active/open status, public visitor cat interaction, and a usable address."
The Cat's Familiar,Gardiner,ME,US,https://www.thecatsfamiliar.net,https://catcafemap.com/cat-cafe/the-cats-familiar,2026-07-06,unverified,"Reviewed 2026-07-06; not published because current first-party/public evidence did not strongly confirm all required facts: active/open status, public visitor cat interaction, and a usable address."
Avocato Catfe & Adoption Center,Farmington Hills,MI,US,https://avocato.org,https://catcafemap.com/cat-cafe/avocato-catfe-adoption-center,2026-07-06,promoted,Verified from current first-party source and promoted to cat-cafes.csv on 2026-07-06.
Fremont Cat Lounge,Fremont,MI,US,https://fremontcatlounge.com/,https://catcafemap.com/cat-cafe/fremont-cat-lounge,2026-07-06,unverified,"Reviewed 2026-07-06; not published because current first-party/public evidence did not strongly confirm all required facts: active/open status, public visitor cat interaction, and a usable address."
Malu Cat Cafe,Garden City,MI,US,http://www.malucatcafe.com,https://catcafemap.com/cat-cafe/malu-cat-cafe-michigan,2026-07-06,unverified,"Reviewed 2026-07-06; not published because current first-party/public evidence did not strongly confirm all required facts: active/open status, public visitor cat interaction, and a usable address."
Holland Cat Cove,Holland,MI,US,https://www.hollandcatcove.com,https://catcafemap.com/cat-cafe/holland-cat-cove,2026-07-06,unverified,"Reviewed 2026-07-06; not published because current first-party/public evidence did not strongly confirm all required facts: active/open status, public visitor cat interaction, and a usable address."
Constellation Cat Cafe,Lansing,MI,US,http://constellationcatcafe.com,https://catcafemap.com/cat-cafe/constellation-cat-cafe,2026-07-06,duplicate,Reviewed 2026-07-06; not published because this candidate duplicates an existing curated row.
The Whisker Room,Muskegon,MI,US,https://thewhiskerroom.org,https://catcafemap.com/cat-cafe/the-whisker-room,2026-07-06,promoted,Verified from current first-party source and promoted to cat-cafes.csv on 2026-07-06.
Black Cat Beanery,Orion Township,MI,US,https://www.blackcatbeanery.com,https://catcafemap.com/cat-cafe/black-cat-beanery,2026-07-06,unverified,"Reviewed 2026-07-06; not published because current first-party/public evidence did not strongly confirm all required facts: active/open status, public visitor cat interaction, and a usable address."
Rosie’s Kitty Catfé,Washington,MI,US,https://kittycatfe.com,https://catcafemap.com/cat-cafe/rosie-s-kitty-catfe-michigan,2026-07-06,unverified,"Reviewed 2026-07-06; not published because current first-party/public evidence did not strongly confirm all required facts: active/open status, public visitor cat interaction, and a usable address."
Christie's Cat Cafe,West Branch,MI,US,https://www.clawsandpawsrescue.com,https://catcafemap.com/cat-cafe/christies-cat-cafe,2026-07-06,unverified,"Reviewed 2026-07-06; not published because current first-party/public evidence did not strongly confirm all required facts: active/open status, public visitor cat interaction, and a usable address."
Wired Whisker,Duluth,MN,US,https://www.wiredwhisker.com,https://catcafemap.com/cat-cafe/wired-whisker,2026-07-06,promoted,Verified from current first-party source and promoted to cat-cafes.csv on 2026-07-06.
Furball Farm Cat Sanctuary,Faribault,MN,US,https://furballfarmcatsanctuary.com,https://catcafemap.com/cat-cafe/furball-farm-cat-sanctuary,2026-07-06,unverified,"Reviewed 2026-07-06; not published because current first-party/public evidence did not strongly confirm all required facts: active/open status, public visitor cat interaction, and a usable address."
Catzen Coffee,Saint Paul,MN,US,https://www.catzencoffee.com,https://catcafemap.com/cat-cafe/catzen-coffee,2026-07-06,promoted,Verified from current first-party source and promoted to cat-cafes.csv on 2026-07-06.
Crown Cat Cafe,Hermann,MO,US,https://hermanncrownhotel.com/cat-cafe/,https://catcafemap.com/cat-cafe/crown-cat-cafe,2026-07-06,unverified,"Reviewed 2026-07-06; not published because current first-party/public evidence did not strongly confirm all required facts: active/open status, public visitor cat interaction, and a usable address."
Baristocrats Cat Cafe,Jefferson City,MO,US,https://www.phpcatrescue.org/baristocats,https://catcafemap.com/cat-cafe/baristocrats-cat-cafe,2026-07-06,unverified,"Reviewed 2026-07-06; not published because current first-party/public evidence did not strongly confirm all required facts: active/open status, public visitor cat interaction, and a usable address."
Nine Lives Cat Lounge & Adoption Center,Joplin,MO,US,https://www.ninelivescatlounge.com,https://catcafemap.com/cat-cafe/nine-lives-cat-lounge-adoption-center,2026-07-06,unverified,"Reviewed 2026-07-06; not published because current first-party/public evidence did not strongly confirm all required facts: active/open status, public visitor cat interaction, and a usable address."
Whiskers Cat Cafe,Kansas City,MO,US,https://www.whiskerskc.com,https://catcafemap.com/cat-cafe/whiskers-cat-cafe,2026-07-06,promoted,Verified from current first-party source and promoted to cat-cafes.csv on 2026-07-06.
Whisker Station Cat Cafe,Kirkwood,MO,US,https://whiskerstation.com,https://catcafemap.com/cat-cafe/whisker-station-cat-cafe,2026-07-06,unverified,"Reviewed 2026-07-06; not published because current first-party/public evidence did not strongly confirm all required facts: active/open status, public visitor cat interaction, and a usable address."
Sugar Kittens Cat Cafe,Lees Summit,MO,US,https://sugarkittenscatcafe.com,https://catcafemap.com/cat-cafe/sugar-kittens-cat-cafe,2026-07-06,unverified,"Reviewed 2026-07-06; not published because current first-party/public evidence did not strongly confirm all required facts: active/open status, public visitor cat interaction, and a usable address."
Sugar Kittens Cafe & Cattery,Liberty,MO,US,https://sugarkittenscatcafe.com,https://catcafemap.com/cat-cafe/sugar-kittens-cafe-cattery,2026-07-06,unverified,"Reviewed 2026-07-06; not published because current first-party/public evidence did not strongly confirm all required facts: active/open status, public visitor cat interaction, and a usable address."
Cat Zen Cafe and Louge,Saint Charles,MO,US,https://www.catzenlounge.com,https://catcafemap.com/cat-cafe/cat-zen-cafe-and-louge,2026-07-06,unverified,"Reviewed 2026-07-06; not published because current first-party/public evidence did not strongly confirm all required facts: active/open status, public visitor cat interaction, and a usable address."
Cheshire Grin Cat Cafe,St Louis,MO,US,https://thecheshiregrincatcafe.com,https://catcafemap.com/cat-cafe/cheshire-grin-cat-cafe,2026-07-06,duplicate,Reviewed 2026-07-06; not published because this candidate duplicates an existing curated row.
Fancy Cat Café,Southaven,MS,US,https://fancycatcafe.com,https://catcafemap.com/cat-cafe/fancy-cat-cafe,2026-07-06,unverified,"Reviewed 2026-07-06; not published because current first-party/public evidence did not strongly confirm all required facts: active/open status, public visitor cat interaction, and a usable address."
Cats at Play Cafe,Asheville,NC,US,http://catsatplaycafeasheville.com,https://catcafemap.com/cat-cafe/cats-at-play-cafe,2026-07-06,unverified,"Reviewed 2026-07-06; not published because current first-party/public evidence did not strongly confirm all required facts: active/open status, public visitor cat interaction, and a usable address."
House of Black Cat Magic,Asheville,NC,US,https://www.houseofblackcatmagic.com,https://catcafemap.com/cat-cafe/house-of-black-cat-magic,2026-07-06,unverified,"Reviewed 2026-07-06; not published because current first-party/public evidence did not strongly confirm all required facts: active/open status, public visitor cat interaction, and a usable address."
Kitten Around Cat Lounge,Carthage,NC,US,https://www.kittenaroundcatlounge.com,https://catcafemap.com/cat-cafe/kitten-around-cat-lounge,2026-07-06,unverified,"Reviewed 2026-07-06; not published because current first-party/public evidence did not strongly confirm all required facts: active/open status, public visitor cat interaction, and a usable address."
The Humane Society of Charlotte,Charlotte,NC,US,https://humanesocietyofcharlotte.org/retail-center-and-cat-cafe,https://catcafemap.com/cat-cafe/humane-society-charlotte,2026-07-06,unverified,"Reviewed 2026-07-06; not published because current first-party/public evidence did not strongly confirm all required facts: active/open status, public visitor cat interaction, and a usable address."
The Farmer's Cat Cafe,Fayetteville North,NC,US,https://farmerscatcafe.com,https://catcafemap.com/cat-cafe/the-farmer-s-cat-cafe-carolina,2026-07-06,unverified,"Reviewed 2026-07-06; not published because current first-party/public evidence did not strongly confirm all required facts: active/open status, public visitor cat interaction, and a usable address."
Cool Beans Cat Cafe,Gastonia,NC,US,https://www.facebook.com/coolbeansgastonia,https://catcafemap.com/cat-cafe/cool-beans-cat-cafe,2026-07-06,unverified,"Reviewed 2026-07-06; not published because current first-party/public evidence did not strongly confirm all required facts: active/open status, public visitor cat interaction, and a usable address."
Meowter Banks Cat Café,Kitty Hawk,NC,US,https://www.meowterbanks.com,https://catcafemap.com/cat-cafe/meowter-banks-cat-cafe,2026-07-06,unverified,"Reviewed 2026-07-06; not published because current first-party/public evidence did not strongly confirm all required facts: active/open status, public visitor cat interaction, and a usable address."
Brews and Mews Cat Cafe,Lenoir,NC,US,https://www.brewsandmewscafe.com,https://catcafemap.com/cat-cafe/brews-and-mews-cat-cafe,2026-07-06,promoted,Verified from current first-party source and promoted to cat-cafes.csv on 2026-07-06.
The Purrfect Pour Cat Cafe,Lincolnton,NC,US,https://thepurrfectpourcatcafe.com,https://catcafemap.com/cat-cafe/the-purrfect-pour-cat-cafe,2026-07-06,promoted,Verified from current first-party source and promoted to cat-cafes.csv on 2026-07-06.
Charlie's Cat Cafe,Monroe North,NC,US,https://charliesangelsnc.org,https://catcafemap.com/cat-cafe/charlies-cat-cafe,2026-07-06,unverified,"Reviewed 2026-07-06; not published because current first-party/public evidence did not strongly confirm all required facts: active/open status, public visitor cat interaction, and a usable address."
Whisker & Kettle Tea Room and Cat Cafe,Rutherfordton,NC,US,,https://catcafemap.com/cat-cafe/whisker-kettle-tea-room-and-cat-cafe,2026-07-06,unverified,"Reviewed 2026-07-06; not published because current first-party/public evidence did not strongly confirm all required facts: active/open status, public visitor cat interaction, and a usable address."
The American Museum of the House Cat,Sylva,NC,US,https://www.wnccatmuseum.org,https://catcafemap.com/cat-cafe/the-american-museum-of-the-house-cat,2026-07-06,unverified,"Reviewed 2026-07-06; not published because current first-party/public evidence did not strongly confirm all required facts: active/open status, public visitor cat interaction, and a usable address."
Dakota Cat Cafe,Lincoln,ND,US,https://www.dakotacatcafe.com,https://catcafemap.com/cat-cafe/dakota-cat-cafe,2026-07-06,unverified,"Reviewed 2026-07-06; not published because current first-party/public evidence did not strongly confirm all required facts: active/open status, public visitor cat interaction, and a usable address."
Catfé Montclair,Montclair,NJ,US,https://www.catfemontclair.com,https://catcafemap.com/cat-cafe/catfe-montclair,2026-07-06,promoted,Verified from current first-party source and promoted to cat-cafes.csv on 2026-07-06.
Hearts Alive Village Cat Cafe,Las Vegas,NV,US,https://www.heartsalivevillage.org/cat-cafe,https://catcafemap.com/cat-cafe/hearts-alive-village-cat-cafe,2026-07-06,unverified,"Reviewed 2026-07-06; not published because current first-party/public evidence did not strongly confirm all required facts: active/open status, public visitor cat interaction, and a usable address."
The Radical Cat,Reno,NV,US,https://theradicalcat.square.site,https://catcafemap.com/cat-cafe/the-radical-cat,2026-07-06,unverified,"Reviewed 2026-07-06; not published because current first-party/public evidence did not strongly confirm all required facts: active/open status, public visitor cat interaction, and a usable address."
Catpurrccinos,Huntington,NY,US,https://www.catpurrccinos.com,https://catcafemap.com/cat-cafe/catpurrccinos,2026-07-06,promoted,Verified from current first-party source and promoted to cat-cafes.csv on 2026-07-06.
Alley Cat Cafe,Ithaca,NY,US,https://www.alleycatithaca.com,https://catcafemap.com/cat-cafe/alley-cat-cafe,2026-07-06,promoted,Verified from current first-party source and promoted to cat-cafes.csv on 2026-07-06.
Cute Cafe,Ridgewood New,NY,US,https://www.instagram.com/cutecatnyc?igsh=MWw2czc5ZmZqOWl3MA==,https://catcafemap.com/cat-cafe/cute-cafe-york,2026-07-06,unverified,"Reviewed 2026-07-06; not published because current first-party/public evidence did not strongly confirm all required facts: active/open status, public visitor cat interaction, and a usable address."
Pawsitivitea CNY Cafe & Cat Lounge,Syracuse,NY,US,https://www.pawsitiviteacny.com,https://catcafemap.com/cat-cafe/pawsitivitea-cny-cafe-cat-lounge,2026-07-06,unverified,"Reviewed 2026-07-06; not published because current first-party/public evidence did not strongly confirm all required facts: active/open status, public visitor cat interaction, and a usable address."
Lazy Cat Lounge & Cafe,Victor,NY,US,https://www.purrsandpawscatcafe.com,https://catcafemap.com/cat-cafe/lazy-cat-lounge-cafe,2026-07-06,unverified,"Reviewed 2026-07-06; not published because current first-party/public evidence did not strongly confirm all required facts: active/open status, public visitor cat interaction, and a usable address."
Mad Dogs & Crazy Cats Pet Boutique and Cat Cafe,Alliance,OH,US,https://www.maddogscrazycats.com,https://catcafemap.com/cat-cafe/mad-dogs-crazy-cats-pet-boutique-and-cat-cafe,2026-07-06,unverified,"Reviewed 2026-07-06; not published because current first-party/public evidence did not strongly confirm all required facts: active/open status, public visitor cat interaction, and a usable address."
The Feline Historical Museum,Alliance,OH,US,https://www.felinehistoricalfoundation.org,https://catcafemap.com/cat-cafe/the-feline-historical-museum,2026-07-06,unverified,"Reviewed 2026-07-06; not published because current first-party/public evidence did not strongly confirm all required facts: active/open status, public visitor cat interaction, and a usable address."
Friends of Feline Rescue Center,Defiance,OH,US,https://www.fofrescue.org,https://catcafemap.com/cat-cafe/friends-of-feline-rescue-center,2026-07-06,unverified,"Reviewed 2026-07-06; not published because current first-party/public evidence did not strongly confirm all required facts: active/open status, public visitor cat interaction, and a usable address."
Cats Off the Square,Medina,OH,US,https://alley-aristo.org,https://catcafemap.com/cat-cafe/cats-off-the-square,2026-07-06,unverified,"Reviewed 2026-07-06; not published because current first-party/public evidence did not strongly confirm all required facts: active/open status, public visitor cat interaction, and a usable address."
RubyCats,Toledo,OH,US,https://www.rubycats.org,https://catcafemap.com/cat-cafe/rubycats,2026-07-06,promoted,Verified from current first-party source and promoted to cat-cafes.csv on 2026-07-06.
Second Chance Strays Cat Rescue & Lounge,Altoona,PA,US,,https://catcafemap.com/cat-cafe/second-chance-strays-cat-rescue-lounge,2026-07-06,unverified,"Reviewed 2026-07-06; not published because current first-party/public evidence did not strongly confirm all required facts: active/open status, public visitor cat interaction, and a usable address."
Kitt's Café & Gandalf's Garden,Blandon,PA,US,https://www.kittscafe.com,https://catcafemap.com/cat-cafe/kitts-cafe-and-gandalfs-garden,2026-07-06,unverified,"Reviewed 2026-07-06; not published because current first-party/public evidence did not strongly confirm all required facts: active/open status, public visitor cat interaction, and a usable address."
Round-a-Bout Bagels Cat Cafe - Carlisle,Carlisle,PA,US,https://roundaboutbagel.com,https://catcafemap.com/cat-cafe/round-a-bout-bagels-cat-cafe-carlisle,2026-07-06,unverified,"Reviewed 2026-07-06; not published because current first-party/public evidence did not strongly confirm all required facts: active/open status, public visitor cat interaction, and a usable address."
Round-a-Bout Bagels Cat Cafe - Chambersburg,Chambersburg,PA,US,https://roundaboutbagel.com,https://catcafemap.com/cat-cafe/round-a-bout-bagels-cat-cafe-chambersburg,2026-07-06,unverified,"Reviewed 2026-07-06; not published because current first-party/public evidence did not strongly confirm all required facts: active/open status, public visitor cat interaction, and a usable address."
The Black Cat Cafe,Devon,PA,US,https://www.theblackcatcafedevon.org,https://catcafemap.com/cat-cafe/the-black-cat-cafe,2026-07-06,unverified,"Reviewed 2026-07-06; not published because current first-party/public evidence did not strongly confirm all required facts: active/open status, public visitor cat interaction, and a usable address."
Betty's Corner at Project Paw,Easton,PA,US,https://www.healthyanimalcenter.org,https://catcafemap.com/cat-cafe/bettys-corner-at-project-paw,2026-07-06,unverified,"Reviewed 2026-07-06; not published because current first-party/public evidence did not strongly confirm all required facts: active/open status, public visitor cat interaction, and a usable address."
Dexter's Cat Cafe,Indiana,PA,US,https://www.dexterscatcafe.com,https://catcafemap.com/cat-cafe/dexters-cat-cafe,2026-07-06,unverified,"Reviewed 2026-07-06; not published because current first-party/public evidence did not strongly confirm all required facts: active/open status, public visitor cat interaction, and a usable address."
Rusty Cat Cafe,Johnstown,PA,US,https://www.rustycatcafe.com,https://catcafemap.com/cat-cafe/rusty-cat-cafe,2026-07-06,unverified,"Reviewed 2026-07-06; not published because current first-party/public evidence did not strongly confirm all required facts: active/open status, public visitor cat interaction, and a usable address."
Tree Tops Kitty Cafe,Kennett Square,PA,US,https://www.treetopskittycafe.com,https://catcafemap.com/cat-cafe/tree-tops-kitty-cafe,2026-07-06,duplicate,Reviewed 2026-07-06; not published because this candidate duplicates an existing curated row.
LanCATster Cat Cafe,Lancaster,PA,US,http://www.lancatstercatcafe.com,https://catcafemap.com/cat-cafe/lancatster-cat-cafe,2026-07-06,unverified,"Reviewed 2026-07-06; not published because current first-party/public evidence did not strongly confirm all required facts: active/open status, public visitor cat interaction, and a usable address."
Scratching Post Cat Cafe,Lewisburg,PA,US,https://www.cherishedcats.org/catcafe,https://catcafemap.com/cat-cafe/scratching-post-cat-cafe,2026-07-06,promoted,Verified from current first-party source and promoted to cat-cafes.csv on 2026-07-06.
Get a Gato Cat Cafe,Philadelphia,PA,US,https://www.getagato.com,https://catcafemap.com/cat-cafe/get-a-gato-cat-cafe,2026-07-06,unverified,"Reviewed 2026-07-06; not published because current first-party/public evidence did not strongly confirm all required facts: active/open status, public visitor cat interaction, and a usable address."
Whiskers Cat Café Philly,Philadelphia,PA,US,,https://catcafemap.com/cat-cafe/whiskers-cat-cafe-philly,2026-07-06,unverified,"Reviewed 2026-07-06; not published because current first-party/public evidence did not strongly confirm all required facts: active/open status, public visitor cat interaction, and a usable address."
Colony Cafe,Pittsburgh,PA,US,https://www.colonycafepgh.com,https://catcafemap.com/cat-cafe/colony-cafe,2026-07-06,not_current,"Reviewed 2026-07-06; not published because current public evidence indicates closure, temporary closure, unrelated redirect, expired site, or not-yet-open status."
Purrfect Mugs Cat Cafe,Plains,PA,US,https://www.purrfectmugscatcafe.com,https://catcafemap.com/cat-cafe/purrfect-mugs-cat-cafe,2026-07-06,unverified,"Reviewed 2026-07-06; not published because current first-party/public evidence did not strongly confirm all required facts: active/open status, public visitor cat interaction, and a usable address."
Craig's Cat Cafe,Spring City,PA,US,https://craigscatcafe.net,https://catcafemap.com/cat-cafe/craigs-cat-cafe,2026-07-06,unverified,"Reviewed 2026-07-06; not published because current first-party/public evidence did not strongly confirm all required facts: active/open status, public visitor cat interaction, and a usable address."
Cozy Kitty Cafe,Stroudsburg,PA,US,https://www.cozykittycafe.org,https://catcafemap.com/cat-cafe/cozy-kitty-cafe,2026-07-06,unverified,"Reviewed 2026-07-06; not published because current first-party/public evidence did not strongly confirm all required facts: active/open status, public visitor cat interaction, and a usable address."
Coal Cats Cafe,Tamaqua,PA,US,https://www.coalcatscafe.com,https://catcafemap.com/cat-cafe/coal-cats-cafe,2026-07-06,unverified,"Reviewed 2026-07-06; not published because current first-party/public evidence did not strongly confirm all required facts: active/open status, public visitor cat interaction, and a usable address."
Mad Cats Cat Lounge,Coventry,RI,US,https://madcatsandmore.net,https://catcafemap.com/cat-cafe/mad-cats-cat-lounge,2026-07-06,unverified,"Reviewed 2026-07-06; not published because current first-party/public evidence did not strongly confirm all required facts: active/open status, public visitor cat interaction, and a usable address."
Cat Daddy Cat Café,Columbia,SC,US,https://catdaddyscatcafe.com,https://catcafemap.com/cat-cafe/cat-daddy-cat-cafe,2026-07-06,promoted,Verified from current first-party source and promoted to cat-cafes.csv on 2026-07-06.
Purrfect Pair Cat Cafe,Rock Hill,SC,US,https://www.purrfectpaircatcafe.com,https://catcafemap.com/cat-cafe/purrfect-pair-cat-cafe,2026-07-06,unverified,"Reviewed 2026-07-06; not published because current first-party/public evidence did not strongly confirm all required facts: active/open status, public visitor cat interaction, and a usable address."
Coffee and the Cats,Rapid City,SD,US,https://www.coffee-and-the-cats.com,https://catcafemap.com/cat-cafe/coffee-and-the-cats,2026-07-06,promoted,Verified from current first-party source and promoted to cat-cafes.csv on 2026-07-06.
Boops & Beans Cat Cafe,Kingsport,TN,US,https://www.boopsandbeanscatcafe.com,https://catcafemap.com/cat-cafe/boops-and-beans-cat-cafe,2026-07-06,promoted,Verified from current first-party source and promoted to cat-cafes.csv on 2026-07-06.
Catio Nashville,Nashville,TN,US,https://www.thecationashville.com,https://catcafemap.com/cat-cafe/catio-nashville,2026-07-06,promoted,Verified from current first-party source and promoted to cat-cafes.csv on 2026-07-06.
Cleo's Cat Cafe,Oak Ridge,TN,US,https://www.cleoscafeofcats.com,https://catcafemap.com/cat-cafe/cleos-cat-cafe,2026-07-06,unverified,"Reviewed 2026-07-06; not published because current first-party/public evidence did not strongly confirm all required facts: active/open status, public visitor cat interaction, and a usable address."
The Cozy Catfe,Arlington,TX,US,https://www.thecozycatfe.com,https://catcafemap.com/cat-cafe/the-cozy-catfe,2026-07-06,unverified,"Reviewed 2026-07-06; not published because current first-party/public evidence did not strongly confirm all required facts: active/open status, public visitor cat interaction, and a usable address."
The Bubble Cat Cafe,Denton,TX,US,https://www.thebubblecatcafe.com/,https://catcafemap.com/cat-cafe/the-bubble-cat-cafe,2026-07-06,unverified,"Reviewed 2026-07-06; not published because current first-party/public evidence did not strongly confirm all required facts: active/open status, public visitor cat interaction, and a usable address."
Sun City Kitty,El Paso,TX,US,http://suncitykitty.com,https://catcafemap.com/cat-cafe/sun-city-kitty,2026-07-06,unverified,"Reviewed 2026-07-06; not published because current first-party/public evidence did not strongly confirm all required facts: active/open status, public visitor cat interaction, and a usable address."
9 Whiskers Lounge,Katy,TX,US,https://www.9whiskers.com,https://catcafemap.com/cat-cafe/9-whiskers-lounge-texas,2026-07-06,promoted,Verified from current first-party source and promoted to cat-cafes.csv on 2026-07-06.
Cat Haven Lounge,Katy,TX,US,https://www.cathavenlounge.com,https://catcafemap.com/cat-cafe/cat-haven-lounge,2026-07-06,promoted,Verified from current first-party source and promoted to cat-cafes.csv on 2026-07-06.
Cat's Cradle Cat Cafe,Harrisonburg,VA,US,https://www.catscradleva.org,https://catcafemap.com/cat-cafe/cats-cradle-cat-cafe,2026-07-06,unverified,"Reviewed 2026-07-06; not published because current first-party/public evidence did not strongly confirm all required facts: active/open status, public visitor cat interaction, and a usable address."
Catty Corner Cat Cafe,Leesburg,VA,US,https://www.cattycornercafe.com,https://catcafemap.com/cat-cafe/catty-corner-cat-cafe,2026-07-06,unverified,"Reviewed 2026-07-06; not published because current first-party/public evidence did not strongly confirm all required facts: active/open status, public visitor cat interaction, and a usable address."
Kitty City Cat Cafe,Roanoke,VA,US,http://kittycitycatcafe.com,https://catcafemap.com/cat-cafe/kitty-city-cat-cafe,2026-07-06,not_current,"Reviewed 2026-07-06; not published because current public evidence indicates closure, temporary closure, unrelated redirect, expired site, or not-yet-open status."
Biscuits & Beans Cat Café,Winchester,VA,US,https://biscuitsandbeanscatcafe.com,https://catcafemap.com/cat-cafe/biscuits-and-beans-cat-cafe,2026-07-06,promoted,Verified from current first-party source and promoted to cat-cafes.csv on 2026-07-06.
Queen City Cat Lounge,Burlington,VT,US,https://www.queencitycatlounge.com,https://catcafemap.com/cat-cafe/queen-city-cat-lounge,2026-07-06,unverified,"Reviewed 2026-07-06; not published because current first-party/public evidence did not strongly confirm all required facts: active/open status, public visitor cat interaction, and a usable address."
Catffeinated,Puyallup,WA,US,https://catffeinated.net,https://catcafemap.com/cat-cafe/catffeinated,2026-07-06,promoted,Verified from current first-party source and promoted to cat-cafes.csv on 2026-07-06.
Mr. Kitty's Cat Cafe & Boutique,Eau Claire,WI,US,https://mrkittyscatcafe.com,https://catcafemap.com/cat-cafe/mr-kittys-cat-cafe-boutique,2026-07-06,unverified,"Reviewed 2026-07-06; not published because current first-party/public evidence did not strongly confirm all required facts: active/open status, public visitor cat interaction, and a usable address."
Redner's Rescued Cat Figurine Mewseum,Menomonee Falls,WI,US,https://rrcfmewseum.com,https://catcafemap.com/cat-cafe/redners-rescued-cat-figurine-mewseum,2026-07-06,unverified,"Reviewed 2026-07-06; not published because current first-party/public evidence did not strongly confirm all required facts: active/open status, public visitor cat interaction, and a usable address."
Planet Purrk Club,Oshkosh,WI,US,https://www.planetperkcoffeehouses.com/planet-purrrk-club,https://catcafemap.com/cat-cafe/planet-purrk-club,2026-07-06,unverified,"Reviewed 2026-07-06; not published because current first-party/public evidence did not strongly confirm all required facts: active/open status, public visitor cat interaction, and a usable address."
The Cat's Brew,Sun Prairie,WI,US,https://www.thecatsbrew.com,https://catcafemap.com/cat-cafe/the-cats-brew,2026-07-06,promoted,Verified from current first-party source and promoted to cat-cafes.csv on 2026-07-06.
Cups & Cats Cafe,Charleston,WV,US,https://cupsandcatswv.com,https://catcafemap.com/cat-cafe/cups-cats-cafe,2026-07-06,unverified,"Reviewed 2026-07-06; not published because current first-party/public evidence did not strongly confirm all required facts: active/open status, public visitor cat interaction, and a usable address."
Mugs 'N Mittens,Fairmont,WV,US,,https://catcafemap.com/cat-cafe/mugs-n-mittens-cat-cafe,2026-07-06,unverified,"Reviewed 2026-07-06; not published because current first-party/public evidence did not strongly confirm all required facts: active/open status, public visitor cat interaction, and a usable address."
Catz N Coffee Connections,Cheyenne,WY,US,https://www.catzncoffeeconnect.com,https://catcafemap.com/cat-cafe/catz-n-coffee-connections,2026-07-06,not_current,"Reviewed 2026-07-06; not published because current public evidence indicates closure, temporary closure, unrelated redirect, expired site, or not-yet-open status."
