name,address,city,region,country,website,source_url,lat,lon,status,verified_at,notes
Cat Town,2869 Broadway,Oakland,CA,US,https://www.cattownoakland.org/,https://www.cattownoakland.org/,37.81981,-122.26166,active,2026-07-06,Official site reachable.; official site confirms adoptable cats.
KitTea Cat Lounge,1266 Valencia St,San Francisco,CA,US,https://kitteasf.org/,https://kitteasf.org/,37.75201,-122.42109,active,2026-07-06,Official site reachable; updated canonical URL.; official site confirms adoptable cats.
CatCafe Lounge,114 Washington Blvd,Venice,CA,US,https://www.catcafelounge.com/,https://www.catcafelounge.com/,,,active,2026-07-06,"Official site lists 114 Washington Blvd, Venice CA; official site confirms reserve visits with adoptable cats and kittens."
Crumbs & Whiskers Los Angeles,7924 Melrose Ave,Los Angeles,CA,US,https://crumbsandwhiskers.com/,https://crumbsandwhiskers.com/,34.08368,-118.36173,active,2026-07-06,Official site reachable.; official site confirms adoptable cats.
Cat Therapy,1213 State St Suite L,Santa Barbara,CA,US,https://www.cattherapysb.com/,https://www.cattherapysb.com/,34.42188,-119.70445,active,2026-07-06,Official site reachable.; official site confirms adoption info.
NEKO Cat Cafe Seattle,519 E Pine St,Seattle,WA,US,https://www.nekocatcafe.com/,https://www.nekocatcafe.com/,47.61520,-122.32537,active,2026-07-06,Official site reachable; updated canonical URL.; official site confirms adoption info.
Seattle Meowtropolitan,1225 N 45th St,Seattle,WA,US,https://www.seameow.com/,https://www.seameow.com/,47.66143,-122.31544,active,2026-07-06,Official site reachable; updated canonical URL.; official site confirms adoptable cats.
NEKO Cat Cafe Bellingham,1130 Cornwall Ave,Bellingham,WA,US,https://www.nekocatcafe.com/,https://www.nekocatcafe.com/,48.74742,-122.48047,active,2026-07-06,Official site reachable; updated canonical URL.; official site confirms adoption info.
The Cafe Meow Roseville,1718A Lexington Ave N,Roseville,MN,US,https://thecafemeow.com/,https://thecafemeow.com/,,,active,2026-07-06,"Official site lists Roseville location; official site confirms reservations, cat pages, and adoption info."
The Cafe Meow New Hope,3524 Winnetka Ave N,New Hope,MN,US,https://thecafemeow.com/,https://thecafemeow.com/,45.01933,-93.38039,active,2026-07-06,"Official site lists New Hope location; official site confirms reservations, cat pages, and adoption info."
The Catcade,1235 W Belmont Ave,Chicago,IL,US,https://www.thecatcade.org/,https://www.thecatcade.org/,41.93984,-87.66034,active,2026-07-06,Official site reachable.; official site confirms adoptable cats.
Meow Parlour,46 Hester St,New York,NY,US,https://www.meowparlour.com/,https://www.meowparlour.com/,40.71590,-73.99071,active,2026-07-06,Official site reachable.; official site confirms adoptable cats.
Brooklyn Cat Cafe,76 Montague St,Brooklyn,NY,US,https://catcafebk.com/,https://catcafebk.com/,40.69469,-73.99567,active,2026-07-06,Official site reachable.; official site confirms adoptable cats.
Koneko,26 Clinton St,New York,NY,US,https://www.konekonyc.com/,https://www.konekonyc.com/,40.72062,-73.98422,active,2026-07-06,Official site reachable.; official site confirms adoption info.
Crumbs & Whiskers DC,3109 M St NW,Washington,DC,US,https://crumbsandwhiskers.com/,https://crumbsandwhiskers.com/,38.90507,-77.06133,active,2026-07-06,Official site reachable.; official site confirms adoptable cats.
Purrfect Day Cat Cafe Louisville,1741 Bardstown Rd,Louisville,KY,US,https://purrfectdaycafe.com/,https://purrfectdaycafe.com/,38.22483,-85.70223,active,2026-07-06,Official site reachable; updated canonical URL.; official site confirms adoption info.
Purrfect Day Cat Cafe Covington,25 W 8th St,Covington,KY,US,https://purrfectdaycafe.com/,https://purrfectdaycafe.com/,39.08416,-84.51209,active,2026-07-06,Official site reachable; updated canonical URL.; official site confirms adoption info.
Pounce Cat Cafe Charleston,283 Meeting St,Charleston,SC,US,https://www.pouncecatcafe.com/,https://www.pouncecatcafe.com/,32.78645,-79.93316,active,2026-07-06,Official site reachable; updated canonical URL.; official site confirms adoption info.
Pounce Cat Cafe Savannah,404 W Broughton St,Savannah,GA,US,https://www.pouncecatcafe.com/,https://www.pouncecatcafe.com/,32.08058,-81.09789,active,2026-07-06,Official site reachable; updated canonical URL.; official site confirms adoption info.
Java Cats Cafe,415 Memorial Dr SE,Atlanta,GA,US,https://www.javacatscafe.com/,https://www.javacatscafe.com/,33.74696,-84.37475,unverified,,Official site could not be reached during verification.
Mac Tabby Cat Cafe Charlotte,3204 N Davidson St,Charlotte,NC,US,https://www.mactabby.com/,https://www.mactabby.com/,35.24637,-80.80532,active,2026-07-06,Official site reachable.; official site confirms adoption info.
Mac Tabby Cat Cafe Concord,25 Market St SW,Concord,NC,US,https://www.mactabby.com/,https://www.mactabby.com/,35.41029,-80.58119,active,2026-07-06,Official site reachable.; official site confirms adoption info.
The Casual Cat Cafe,7264 Glenview Dr,Richland Hills,TX,US,https://www.thecasualcatcafe.com/,https://www.thecasualcatcafe.com/,32.82227,-97.22735,active,2026-07-06,Official site reachable.; official site confirms adoptable cats.
El Gato Coffeehouse,508 Pecore St,Houston,TX,US,https://www.elgatocoffeehouse.com/,https://www.elgatocoffeehouse.com/,29.79247,-95.39471,active,2026-07-06,Official site reachable.; official site confirms adoption info.
Gem City Catfe,513 E 5th St,Dayton,OH,US,https://www.gemcitycatfe.com/,https://www.gemcitycatfe.com/,39.75744,-84.18330,active,2026-07-06,Official site reachable.; official site confirms adoption info.
Kitty Brew Cat Cafe,6011 Tylersville Rd,Mason,OH,US,https://kittybrew.com/,https://kittybrew.com/,39.35233,-84.31641,active,2026-07-06,Official site reachable; updated canonical URL.; official site confirms adoptable cats.
Catfe,88 West Pender Street,Vancouver,BC,CA,https://www.catfe.ca/,https://www.catfe.ca/,49.2800521,-123.107325,active,2026-07-06,Official site contains current address.; official site confirms reservations or booking for cat visits.
Meow Cat Cafe,556 Mount Pleasant Rd,Toronto,ON,CA,https://www.meowcatcafe.ca/,https://www.meowcatcafe.ca/,43.70360,-79.38847,unverified,,Official site could not be reached during verification.
Regal Cat Cafe,303 10 St NW,Calgary,AB,CA,https://www.regalcatcafe.com/,https://www.regalcatcafe.com/,51.05249,-114.08591,active,2026-07-06,Official site reachable.; official site confirms adoptable cats.
Cafe Chat L'Heureux,172 Duluth Ave E,Montreal,QC,CA,https://cafechatlheureux.com/,https://cafechatlheureux.com/,45.51796,-73.57591,active,2026-07-06,Official site reachable.; official site confirms adoption info.
The Whole Cat and Kaboodle,202 Kirkland Avenue,Kirkland,WA,US,https://www.wholecatandkaboodle.com/,https://www.wholecatandkaboodle.com/,47.6758027,-122.2047388,active,2026-07-06,Promoted from OSM review; official site reachable.; official site confirms adoptable cats.
affoGATO Cat Cafe,761 Starkweather Avenue,Cleveland,OH,US,https://www.affogatocatcafe.com/,https://www.affogatocatcafe.com/,41.4774455,-81.6824075,unverified,,Official source was blocked during 2026-07-06 verification; do not publish until current official evidence confirms visitor cat interaction.
Tally Cat Cafe,2218 North Monroe Street,Tallahassee,FL,US,https://www.tallycatcafe.com/,https://www.tallycatcafe.com/,30.4694675,-84.2889509,active,2026-07-06,Promoted from OSM review; official site reachable.; official site confirms adoptable cats.
Denver Cat Company,3929 Tennyson Street,Denver,CO,US,https://www.denvercatco.com/,https://www.denvercatco.com/,39.771741,-105.044156,active,2026-07-06,Promoted from OSM review; official site reachable.; official site confirms adoptable cats.
Mauhaus Cat Cafe,3101 Sutton Boulevard,Maplewood,MO,US,https://mauhauscafe.com/,https://mauhauscafe.com/,38.6080705,-90.3207426,active,2026-07-06,Promoted from OSM review; official site reachable.; official site confirms adoptable cats.
Catfe Lounge,821 Livernois Street,Ferndale,MI,US,https://ferndalecatshelter.org/catfe-lounge/,https://ferndalecatshelter.org/catfe-lounge/,42.453211,-83.1430149,active,2026-07-06,Promoted from OSM review; official site reachable.; official site confirms adoption info.
Café Félin - Ma langue aux chats,307 Rue Saint-Paul,Québec,QC,CA,https://cafemalangueauxchats.ca/,https://cafemalangueauxchats.ca/,46.8167783,-71.211831,active,2026-07-06,Official site confirms visitors can meet 14 cats at the Quebec cat cafe.
Pawffee Shop,1745 North Casaloma Drive,Appleton,WI,US,https://www.pawffeeshop.com/,https://www.pawffeeshop.com/,44.2778909,-88.4740974,unverified,,Official source was blocked during 2026-07-06 verification; do not publish until current official evidence confirms visitor cat interaction.
My Kitty Cafe,117 Wyndham Street North,Guelph,ON,CA,https://mykittycafe.com/,https://mykittycafe.com/,43.5469673,-80.2498769,active,2026-07-06,Promoted from OSM review; official site reachable.; official site confirms adoptable cats.
Catopia Cat Cafe,8001 Wyoming Boulevard NE,Albuquerque,NM,US,https://www.catopiacatcafe.com,https://www.catopiacatcafe.com,35.1751082,-106.560819,active,2026-07-06,Promoted from OSM review; official site reachable.; official site confirms adoption info.
A Sanctuary Cafe,80 Charles Street,Boston,MA,US,https://asanctuarycafe.com/,https://asanctuarycafe.com/,42.3581779,-71.0706798,active,2026-07-06,Promoted from OSM review; official site reachable.; official site confirms cat room visits.
Catfeine Cat Cafe,517 Cason Lane,Murfreesboro,TN,US,https://www.catfeine.net/,https://www.catfeine.net/,35.8416338,-86.4400337,active,2026-07-06,Promoted from OSM review; official site reachable.; official site confirms adoption info.
Patriot Pawsabilities,10687 Braddock Road,Fairfax,VA,US,https://www.patriotpawsabilities.com/,https://www.patriotpawsabilities.com/,38.8247598,-77.3154063,active,2026-07-06,Promoted from OSM review; official site reachable.; official site confirms adoptable cats.
The Cat Cafe,302 Island Avenue,San Diego,CA,US,https://www.catcafesd.com/,https://www.catcafesd.com/,32.7106008,-117.1615788,active,2026-07-06,Promoted from OSM review; official site reachable.; official site confirms adoptable cats.
Shabby Tabby,197 West Main Street,Sayville,NY,US,https://www.theshabbytabbyli.com/,https://www.theshabbytabbyli.com/,40.734081,-73.0862495,active,2026-07-06,"Official site confirms Kitten Lounge visits, booking, and adoptable cats."
El Jefe Cat Lounge,3025 North Campbell Avenue,Tucson,AZ,US,https://www.eljefecatlounge.com/,https://www.eljefecatlounge.com/,32.2618831,-110.944502,active,2026-07-06,Promoted from OSM review; official site reachable.; official site confirms cat room visits.
Mew Haven Cat Cafe,904 Whalley Avenue,New Haven,CT,US,https://mewhavencatcafe.com/,https://mewhavencatcafe.com/,41.3271684,-72.9604581,active,2026-07-06,Promoted from OSM review; official site reachable.; official site confirms adoption info.
Purr-Fecto Cat Lounge,2300 South Lamar Boulevard,Austin,TX,US,https://purrfectocatlounge.com/,https://purrfectocatlounge.com/,30.2478149,-97.7746824,active,2026-07-06,Promoted from OSM review; official site reachable.; official site confirms adoption info.
The Chatty Cat Cafe,3575 Maple Avenue,Zanesville,OH,US,https://www.thechattycatcafe.com/,https://www.thechattycatcafe.com/,39.9874385,-82.0273775,active,2026-07-06,Promoted from OSM review; official site reachable.; official site confirms adoption info.
The Great Catsby,1725 Esplanade,Chico,CA,US,https://thegreatcatsby.com/,https://thegreatcatsby.com/,39.7444998,-121.851053,unverified,,Official domain resolved to a domain-for-sale page during 2026-07-06 verification; do not publish until current official evidence confirms active cat visits.
Gibson's Cat Cafe,3820 Dave Ward Drive,Conway,AR,US,https://catsandcoffee.dudasites.com/,https://catsandcoffee.dudasites.com/,35.0724744,-92.4933322,active,2026-07-06,Promoted from OSM review; official site reachable.; official site confirms adoption info.
Purrmaid Cafe and Adoption Center,5800 Santa Rosa Road,Camarillo,CA,US,https://www.purrmaidcatcafe.com/,https://www.purrmaidcatcafe.com/,34.2259761,-118.9873838,active,2026-07-06,Promoted from OSM review; official site reachable.; official site confirms adoption info.
Kitty Pause Kitty Cafe,1837 West Guadalupe Road,Mesa,AZ,US,https://kittypausecafe.com/,https://kittypausecafe.com/,33.36279,-111.8742331,active,2026-07-06,Promoted from OSM review; official site reachable.; official site confirms reservations or booking for cat visits.
Gatos and Beans,4348 3rd Court South,Birmingham,AL,US,https://gatosandbeans.com/,https://gatosandbeans.com/,33.5265374,-86.7675337,active,2026-07-06,Promoted from OSM review; official site reachable.; official site confirms adoptable cats.
Bajah's Cat Cafe,137 Main Road,Tiverton,RI,US,https://www.bajahscatcafe.com/,https://www.bajahscatcafe.com/,41.6693732,-71.1859868,active,2026-07-06,Promoted from OSM review; official site reachable.; official site confirms adoptable cats.
Cats Show Cat Café,730 Boardwalk Avenue,Bozeman,MT,US,https://catshowcatcafe.com/,https://catshowcatcafe.com/,45.672703,-111.1011981,active,2026-07-06,Promoted from OSM review; official site reachable.; official site confirms reservations or booking for cat visits.
Cat Cafe Kokomo Humane Society,729 East Hoffer Street,Kokomo,IN,US,https://kokomohumane.org/cat-cafe/,https://kokomohumane.org/cat-cafe/,40.4658967,-86.1236052,active,2026-07-06,Promoted from OSM review; official site reachable.; official site confirms adoption info.
The Catfe,426 Bethesda School Road,Lawrenceville,GA,US,https://thecatfeco.com/,https://thecatfeco.com/,33.922832,-84.0838253,active,2026-07-06,Promoted from OSM review; official site reachable.; official site confirms visitor cat interaction.
Habicat Cafe,613 Highway 441,Clayton,GA,US,https://www.habicatcafe.com/,https://www.habicatcafe.com/,34.8698952,-83.4002045,unverified,,Official domain resolved to a domain-for-sale page during 2026-07-06 verification; do not publish until current official evidence confirms active cat visits.
Smitten Kitten Cat Cafe,7852 East 96th Street,Fishers,IN,US,https://www.smittenkittencatcafe.com/,https://www.smittenkittencatcafe.com/,39.9282226,-86.0241629,active,2026-07-06,"Official site app bundle confirms reservations, our-cats pages, and cats adopted."
The Region Cat Café,281 West 80th Place,Merrillville,IN,US,https://theregioncatcafe.com/,https://theregioncatcafe.com/,41.47301,-87.3382751,active,2026-07-06,Promoted from OSM review; official site reachable.; official site confirms adoption info.
Tree House Humane Society Cat Cafe,7225 North Western Avenue,Chicago,IL,US,https://treehouseanimals.org/cafe/,https://treehouseanimals.org/cafe/,42.0131114,-87.6900084,active,2026-07-06,Promoted from OSM review; official site reachable.; official site confirms adoptable cats.
Black Forest Cat Café,4716 Coldwater Road,Fort Wayne,IN,US,https://blackforestcatcafe.com/,https://blackforestcatcafe.com/,41.1211199,-85.1340774,active,2026-07-06,Promoted from OSM review; official site reachable.; official site confirms adoptable cats.
The Cat Lady Cafe,401 East Colfax Avenue,South Bend,IN,US,https://www.catladycafesouthbend.com/,https://www.catladycafesouthbend.com/,41.6781759,-86.2456964,active,2026-07-06,Promoted from OSM review; official site reachable.; official site confirms adoption info.
The Tipsy Tabby,90 Main Street,Newmarket,NH,US,https://www.thetipsytabby.com/,https://www.thetipsytabby.com/,43.0796536,-70.9361372,active,2026-07-06,Promoted from OSM review; official site reachable.; official site confirms adoptable cats.
Espurresso Cat Cafe,1014 Massachusetts Street,Lawrence,KS,US,https://www.espurressocatcafe.com/,https://www.espurressocatcafe.com/,38.9650318,-95.2356955,active,2026-07-06,Promoted from OSM review; official site reachable.; official site confirms adoptable cats.
Second Cup Cat Cafe,417 North Rawhide Drive,Olathe,KS,US,https://secondcupcatcafe.com/,https://secondcupcatcafe.com/,38.8860823,-94.7920868,active,2026-07-06,Promoted from OSM review; official site reachable.; official site confirms adoptable cats.
Kitty Cat Cafe and Adoption Lounge,108 Newbury Street,Peabody,MA,US,https://www.kittycatcafema.com/,https://www.kittycatcafema.com/,42.5330037,-70.9916417,active,2026-07-06,Promoted from OSM review; official site reachable.; official site confirms adoptable cats.
Playful Paws Cat Café,1465 Southwest Knoll Avenue,Bend,OR,US,https://www.playfulpawscatcafe.com/,https://www.playfulpawscatcafe.com/,44.0502145,-121.332833,active,2026-07-06,Promoted from OSM review; official site reachable.; official site confirms adoptable cats.
Central Purrk Cat Cafe,401 Outlet Center Drive,Georgetown,KY,US,https://www.centralpurrkcafe.com/,https://www.centralpurrkcafe.com/,38.2179994,-84.5375,active,2026-07-06,Promoted from OSM review; official site reachable.; official site confirms adoptable cats.
Meow Cat Lounge,630 Main Street,Westbrook,ME,US,https://www.meowcatlounge.com/,https://www.meowcatlounge.com/,43.6785504,-70.3564805,active,2026-07-06,Promoted from OSM review; official site reachable.; official site confirms adoption info.
Cups & Claws Cat Cafe,11006 Warwick Boulevard,Newport News,VA,US,https://www.cupsandclaws.com/,https://www.cupsandclaws.com/,37.0442117,-76.4706934,active,2026-07-06,Promoted from OSM review; official site reachable.; official site confirms adoption info.
Cat Lounge Meows Corner,21435 Epicerie Plaza,Sterling,VA,US,https://www.meowscorner.com/,https://www.meowscorner.com/,39.0233183,-77.3944017,active,2026-07-06,Promoted from OSM review; official site reachable.; official site confirms adoptable cats.
Catnip Cat Cafe,1611-B Colley Avenue,Norfolk,VA,US,https://catnipcatcafe.com/,https://catnipcatcafe.com/,36.8689487,-76.2975236,active,2026-07-06,Promoted from OSM review; official site reachable.; official site confirms reservations or booking for cat visits.
Kitty Kisses Cat Cafe,8555 Double R Boulevard,Reno,NV,US,https://kittykissescatcafe.com/,https://kittykissescatcafe.com/,39.4607895,-119.7643319,active,2026-07-06,Promoted from OSM review; official site reachable.; official site confirms adoption info.
don't stress meowt Cat Cafe,1900 Linwood Boulevard,Oklahoma City,OK,US,https://dontstressmeowt-catcafe.com/okc,https://dontstressmeowt-catcafe.com/okc,35.4746615,-97.5443001,active,2026-07-06,Promoted from OSM review; official site reachable.; official site confirms adoptable cats.
Cattiesburg Cat Cafe,5268 Old Highway 11,Hattiesburg,MS,US,https://cattiesburgcafe.com/,https://cattiesburgcafe.com/,31.3122796,-89.4097786,active,2026-07-06,Promoted from OSM review; official site reachable.; official site confirms adoption info.
Rahway Kitty Hall,209 West Main Street,Rahway,NJ,US,https://rahwaykittyhall.com/,https://rahwaykittyhall.com/,40.6110615,-74.2767317,active,2026-07-06,Promoted from OSM review; official site reachable.; official site confirms adoption info.
BaristaCats Café,135 West Center Street,Whitewater,WI,US,https://baristacatscafe.org/,https://baristacatscafe.org/,42.8333028,-88.7320109,active,2026-07-06,Promoted from OSM review; official site reachable; updated canonical URL.; official site confirms adoption info.
Rescued Treasures Cat Café,4155 North Rancho Drive,Las Vegas,NV,US,https://www.palnv.org/,https://www.palnv.org/,36.2353168,-115.2305221,active,2026-07-06,Promoted from OSM review; official site reachable.; official site confirms adoptable cats.
The Pretty Paw Lounge,370 Mariaville Road,Rotterdam,NY,US,https://www.prettypawlounge.com/,https://www.prettypawlounge.com/,42.7906102,-73.9816189,active,2026-07-06,Promoted from OSM review; official site reachable.; official site confirms adoption info.
The Charming Cat Corner,2401 South Stemmons Freeway,Lewisville,TX,US,https://thecharmingcatcafe.com/,https://thecharmingcatcafe.com/,33.002216,-96.9711665,active,2026-07-06,Promoted from OSM review; official site contains name and address.; official site confirms adoptable cats.
The Pawsitive Cafe,120 East Avenue,Rochester,NY,US,https://www.pawsitivecatcafe.com/,https://www.pawsitivecatcafe.com/,43.1570115,-77.601115,active,2026-07-06,Promoted from OSM review; official site contains name and address.; official site confirms adoptable cats.
Luna Cafe,1001 East Fayette Street,Syracuse,NY,US,https://www.lunacatcafe.com/,https://www.lunacatcafe.com/,43.0486564,-76.1363632,active,2026-07-06,Promoted from OSM review; official site contains name and address.; official site confirms adoption info.
Kitty Bubble Cafe & Bar,5568 North High Street,Columbus,OH,US,https://kittybubblecafe.com/,https://kittybubblecafe.com/,40.0762848,-83.0183402,active,2026-07-06,Promoted from OSM review; official site contains name and address.; official site confirms adoption info.
Tabby & Fidos,300 North Main Street,Bowling Green,OH,US,https://tabbyandfidos.com/,https://tabbyandfidos.com/,41.3770669,-83.6502088,active,2026-07-06,Promoted from OSM review; official site contains name and address.; official site confirms adoptable cats.
Right Meow Cat Cafe,913 South Main Street,Fuquay Varina,NC,US,https://www.rightmeowcatcafe.com/,https://www.rightmeowcatcafe.com/,35.5710656,-78.8003088,active,2026-07-06,Promoted from OSM review; official site contains name and address.; official site confirms adoption info.
Scruffy's Cafe,1015 North Broadway,Knoxville,TN,US,https://www.scruffyscafeknox.com/,https://www.scruffyscafeknox.com/,35.9819071,-83.9234216,active,2026-07-06,Promoted from OSM review; official site contains name and address.; official site confirms adoption info.
Kitty Cantina,6704 North Nevada Street,Spokane,WA,US,https://kittycantina.com/,https://kittycantina.com/,47.7188737,-117.3946689,active,2026-07-06,Promoted from OSM review; official site contains name and address.; official site confirms adoption info.
Naughty Cat Cafe,3742 Tennessee Avenue,Chattanooga,TN,US,https://www.naughtycatcafe.com/,https://www.naughtycatcafe.com/,35.011234,-85.326595,active,2026-07-06,Promoted from OSM review; official site contains name and address.; official site confirms adoption info.
Mount Purrnon Cat Café + Wine Bar,109 South Alfred Street,Alexandria,VA,US,https://www.mtpurrnoncatcafe.com/,https://www.mtpurrnoncatcafe.com/,38.804894,-77.049442,active,2026-07-06,Promoted from OSM review; official site contains name and address.; official site confirms adoption info.
Kitty Kingdom Cat Cafe,565 Cedar Road,Chesapeake,VA,US,https://kittykingdomcatcafe.wpcomstaging.com/,https://kittykingdomcatcafe.wpcomstaging.com/,36.7116472,-76.2558972,active,2026-07-06,Promoted from OSM review; official site contains name and address.; official site confirms adoption info.
Purrista Cat Café,30 West 8th Street,Erie,PA,US,https://www.purristacatcafe.com/,https://www.purristacatcafe.com/,42.1272012,-80.0852559,active,2026-07-06,Promoted from OSM review; official site contains name and address.; official site confirms adoptable cats.
Treetops Kitty Cafe,305 West State Street,Kennett Square,PA,US,https://treetopskittycafe.com/,https://treetopskittycafe.com/,39.8465773,-75.7148726,active,2026-07-06,Promoted from OSM review; official site contains name and address.; official site confirms adoptable cats.
The Cats' Pyjamas,524 East Capitol Avenue,Springfield,IL,US,https://www.spicatpjs.com/,https://www.spicatpjs.com/,39.798117,-89.6483353,active,2026-07-06,Promoted from OSM review; official site contains name and address.; official site confirms adoption info.
Ziggy's Cat Lounge,3627 Wheaton Way,Bremerton,WA,US,https://ziggyscatlounge.com/,https://ziggyscatlounge.com/,47.5990157,-122.6304742,active,2026-07-06,Promoted from OSM review; official site contains name and address.; official site confirms adoptable cats.
Vintage Cat Cafe Toronto,1274 St. Clair Avenue West,Toronto,ON,CA,https://www.vintagecatcafe.com/,https://www.vintagecatcafe.com/,43.6771775,-79.4471613,active,2026-07-06,Promoted from OSM review; corrected country/region from official address.; official site confirms reservations or booking for cat visits.
Sip & Purr Cat Café,833 East Brady Street,Milwaukee,WI,US,https://www.sipandpurr.com/,https://www.sipandpurr.com/,43.0528725,-87.901171,active,2026-07-06,Promoted from OSM review; official site contains name and address.; official site confirms adoption info.
Pawsific Northwest Cafe,3415 Pacific Avenue SE,Olympia,WA,US,https://www.pawsnwcafe.com/,https://www.pawsnwcafe.com/,47.0406123,-122.848306,active,2026-07-06,Promoted from OSM review; official site contains name and address.; official site confirms adoption info.
NoCo Cat Cafe,121 East 5th Street,Loveland,CO,US,https://nococatcafe.com/,https://nococatcafe.com/,40.396682,-105.0753498,active,2026-07-06,Promoted from OSM review; official site contains name and address.; official site confirms adoption info.
Purr Cup Cafe,210 Prospect Avenue,Raleigh,NC,US,https://purrcupcafe.com/,https://purrcupcafe.com/,35.7630802,-78.6485891,active,2026-07-06,Promoted from OSM review; official site contains name and address.; official site confirms adoption info.
PHX Cat Cafe,147 East Garfield Street,Phoenix,AZ,US,https://phxcatcafe.org/,https://phxcatcafe.org/,33.4573988,-112.0715485,active,2026-07-06,Promoted from OSM review; official site contains name and address.; official site confirms adoptable cats.
Coffee Cats,312 5th Street,West Des Moines,IA,US,https://www.coffeecatscafe.com/,https://www.coffeecatscafe.com/,41.5730793,-93.7092462,active,2026-07-06,Promoted from OSM review; official site contains name and address.; official site confirms adoptable cats.
Mac Tabby Cat Cafe Salisbury,103 South Main Street,Salisbury,NC,US,https://www.mactabby.com/,https://www.mactabby.com/,35.6670661,-80.4698862,active,2026-07-06,Promoted from OSM review; official site contains name and address.; official site confirms adoption info.
Daily Mews Cat Cafe,3748 Monroe Road,Charlotte,NC,US,https://www.dailymewscharlotte.com/,https://www.dailymewscharlotte.com/,35.1988688,-80.7954013,active,2026-07-06,Promoted from OSM review; official site contains name and address.; official site confirms adoption info.
Cats in Bloom,102 West Main Street,Bloomsburg,PA,US,https://www.catsinbloom.org/,https://www.catsinbloom.org/,41.0022404,-76.4581286,active,2026-07-06,Promoted from OSM review; official site contains name and address.; official site confirms adoptable cats.
Tinker's Cat Cafe,302 East 900 South,Salt Lake City,UT,US,https://www.tinkerscatcafe.com/,https://www.tinkerscatcafe.com/,40.7495053,-111.882281,active,2026-07-06,Promoted from OSM review; city/region filled from reverse geocode.; official site confirms adoptable cats.
The Purrfect Cup Cat Café,580 Two Nations Crossing,Fredericton,NB,CA,https://purrfectcup.ca/,https://purrfectcup.ca/,45.9822036,-66.6131894,active,2026-07-06,Promoted from OSM review; city/region filled from reverse geocode.; official site confirms adoption info.
Kitties and Cream,437 Fitzwilliam Street,Nanaimo,BC,CA,https://kittiesandcream.ca/,https://kittiesandcream.ca/,49.1650996,-123.9425942,active,2026-07-06,Promoted from OSM review; city/region filled from reverse geocode.; official site confirms adoption info.
Excalipurr Cat Cafe,2156 Albert Street,Regina,SK,CA,https://excalipurr.ca/,https://excalipurr.ca/,50.4444624,-104.618395,active,2026-07-06,Promoted from OSM review; city/region filled from reverse geocode.; official site confirms reservations or booking for cat visits.
Alley Cat,1 Market Place,Stratford,ON,CA,https://www.alleycatcafe.ca/,https://www.alleycatcafe.ca/,43.3694152,-80.981718,active,2026-07-06,Promoted from OSM review; city/region filled from reverse geocode.; official site confirms adoption info.
Café Chato,4833 Rue de Verdun,Montréal,QC,CA,https://cafechato.ca/,https://cafechato.ca/,45.4570923,-73.5720042,active,2026-07-06,Promoted from OSM review; city/region filled from reverse geocode.; official site confirms adoption info.
Nine Lives Cat Cafe,1315 Shelby Street,Indianapolis,IN,US,https://www.ninelivescatcafe.com/,https://www.ninelivescatcafe.com/,39.7496789,-86.1396508,active,2026-07-06,Promoted from OSM review; city/region filled from reverse geocode.; official site confirms adoptable cats.
Crooked Tail Cat Cafe,604 South Elm Street,Greensboro,NC,US,https://www.crookedtailcatcafe.com/home-gso,https://www.crookedtailcatcafe.com/home-gso,36.0658336,-79.7909514,active,2026-07-06,Promoted from OSM review; city/region filled from reverse geocode.; official site confirms adoption info.
Cat Cafe on Whyte,10588 109 Street NW,Edmonton,AB,CA,https://www.catcafeonwhyte.com/,https://www.catcafeonwhyte.com/,53.5178491,-113.4919305,active,2026-07-06,Promoted from OSM review; country corrected from reverse geocode.; official site confirms adoption info.
Catoro Cafe,666 East Broadway,Vancouver,BC,CA,https://catoropets.com,https://catoropets.com,49.2622542,-123.0896259,active,2026-07-06,Promoted from OSM review; country corrected from reverse geocode.; official site confirms adoption info.
Whiskers and Soda Cat Cafe,10320 Garland Road,Dallas,TX,US,https://whiskersandsoda.com/,https://whiskersandsoda.com/,32.8415864,-96.6921091,active,2026-07-06,Promoted from OSM review; city/region filled from reverse geocode.; official site confirms adoption info.
Frabjous Catfe,12261 Capital Boulevard,Wake Forest,NC,US,https://www.frabjouscatfe.com/,https://www.frabjouscatfe.com/,35.9808,-78.5411588,unverified,,Official domain redirected to unrelated content during 2026-07-06 verification; do not publish until a current official source confirms active cat visits.
Starry Night Cat Café,1408 Strongs Avenue,Stevens Point,WI,US,https://www.starrynightcatcafe.com/,https://www.starrynightcatcafe.com/,44.5223501,-89.5828623,active,2026-07-06,Promoted from OSM review; address filled from reverse geocode and official site reachable.; official site confirms adoptable cats.
The Toebean Cat Café,20 Walnut Avenue Southwest,Roanoke,VA,US,https://www.thetoebeancatcafe.net/,https://www.thetoebeancatcafe.net/,37.2611393,-79.942573,active,2026-07-06,Promoted from OSM review; address filled from reverse geocode and official site reachable.; official site confirms reservations or booking for cat visits.
Mèo Maison,1336 Wisconsin Avenue Northwest,Washington,DC,US,https://www.meomaison.com/,https://www.meomaison.com/,38.9075891,-77.063571,unverified,,Official source failed during 2026-07-06 verification; do not publish until current official evidence confirms visitor cat interaction.
Toe Beans Cat Cafe,119 Peter Street,Port Hope,ON,CA,https://toe-beans-cat-cafe.square.site/,https://toe-beans-cat-cafe.square.site/,43.949429,-78.2838622,active,2026-07-06,"Official site title confirms rescue cats and adoption: Eat, Drink, Adopt, Repeat."
Kitty Korner Café,214 North Main Street Suite 1,Barre,VT,US,https://www.kittykornercafe.com/,https://www.kittykornercafe.com/,44.1991219,-72.5039834,active,2026-07-06,Promoted from OSM review; official site lists name and address.; official site confirms adoption info.
Kokoro Cat Café,133-36 37th Avenue,Flushing,NY,US,https://www.kokorocatcafe.com/,https://www.kokorocatcafe.com/,40.7602523,-73.8335391,active,2026-07-06,Added from official site; missing from OSM cat-cafe query.; official site confirms adoptable cats.
Eugene Springfield Cat Lounge,537 W. Centennial Blvd.,Springfield,OR,US,https://www.eugenespringfieldcatlounge.com/,https://www.eugenespringfieldcatlounge.com/,44.0564100,-123.0337197,active,2026-07-06,Added from official site; missed because OSM discovery only queried explicit cat-cafe tags.; official site confirms adoption info.
The Alaska Cat Cafe,340 N. Lucille St.,Wasilla,AK,US,https://thealaskacatcafe.com/,https://thealaskacatcafe.com/,61.5827687,-149.4511327,active,2026-07-06,Added from official site; missed because OSM discovery only queried explicit cat-cafe tags.; official site confirms adoption info.
River Kitty Cafe,3226 N University,Peoria,IL,US,https://www.riverkittycafe.com/,https://www.riverkittycafe.com/,40.7275074,-89.6123383,active,2026-07-06,Added from official site; weak OSM/name discovery candidate; site confirms visitors can reserve time with adoptable cats.
Black Cat Market,5135 Penn Avenue,Pittsburgh,PA,US,https://blackcatmarketpgh.com/,https://blackcatmarketpgh.com/,40.4649514,-79.9415263,active,2026-07-06,Added from official site; weak OSM/name discovery candidate; site confirms cat room visits and adoptable cats.
Rescue and Relax,104-106 E Swissvale Ave,Pittsburgh,PA,US,https://www.rescueandrelax.com/,https://www.rescueandrelax.com/,40.4331284,-79.8846538,active,2026-07-06,Added from official site; weak OSM/name discovery candidate; site confirms cat lounge visits and adoptable cats.
Good Luck Cat Cafe,901 Progresso Drive #202,Fort Lauderdale,FL,US,https://ladyluckanimalrescue.com/,https://ladyluckanimalrescue.com/,26.1348197,-80.1412016,active,2026-07-06,"Promoted from OSM review; official site confirms adoption cats, address, and public visit hours."
Santa Fe Cat Cafe,1221 Flagman Way #B5,Santa Fe,NM,US,https://www.santafecatcafe.com/,https://www.santafecatcafe.com/,35.6743695,-105.9618861,active,2026-07-06,"Promoted from OSM review; official site confirms reservations, cat lounge visits, and adoptable cats."
The Cheshire Grin Cat Cafe,1926 Cherokee Street,Saint Louis,MO,US,https://thecheshiregrincatcafe.com/,https://thecheshiregrincatcafe.com/,38.592458,-90.2196747,active,2026-07-06,Promoted from OSM review; official site confirms cat lounge reservations and adoptable cats.
Cat Tales Cat Cafe,431 W Franklin St Unit 210,Chapel Hill,NC,US,https://cattalescatcafe.com/,https://cattalescatcafe.com/,35.9102805,-79.0626724,active,2026-07-06,"Promoted from external baseline; official site confirms reservations, cat visits, address, and adoption-focused foster cats."
Constellation Cat Cafe,3320 E Lake Lansing Rd,East Lansing,MI,US,https://www.constellationcatcafe.com/,https://www.constellationcatcafe.com/,42.7576499,-84.4748537,active,2026-07-06,"Promoted from external baseline; official site confirms cat room visits, address, and adoptable rescue cats."
Catsbury Park,708 Cookman Ave,Asbury Park,NJ,US,https://catsburypark.com/,https://catsburypark.com/,40.2157077,-74.0123998,active,2026-07-06,"Promoted from external baseline; official site confirms cat lounge visits, address, and adoptable cats."
Mad Catter Cafe,124 Duckworth Street,St. John's,NL,CA,https://www.madcattercafe.com/,https://www.madcattercafe.com/,47.5712581,-52.6988418,active,2026-07-06,"Promoted from external baseline; official site confirms lounge visits, address, and adoptable cats."
Aristocat Cafe,111 North Liberty Street,Harrisonburg,VA,US,https://www.aristocat.cafe/,https://www.aristocat.cafe/,38.4509476,-78.8703431,active,2026-07-06,"Promoted from OSM review; official site confirms reservations, cats, and adoption/rescue info."
Fur Babies Cat Café,302 South Street,Carrollton,GA,US,https://www.furbabiescatcafe.com/,https://www.furbabiescatcafe.com/,33.574879,-85.0831688,active,2026-07-06,"Promoted from OSM review; official site confirms address, cat lounge visits, and adoption services."
Purr & Pour Cat Café,908 Front Street,Georgetown,SC,US,https://www.purrandpour.com/,https://www.purrandpour.com/,33.3677085,-79.2849222,active,2026-07-06,"Promoted from OSM review; official site confirms address, cat lounge visits, and adoptable cats."
Beans Cat Cafe New Paltz,11 Church Street,New Paltz,NY,US,https://www.beanscatcafe.com/,https://www.beanscatcafe.com/,41.7482929,-74.0862539,active,2026-07-06,Promoted from OSM review; OSM supplies address and official site confirms adoptable cats at the New Paltz location.
Beans Cat Cafe Beacon,325 Main Street,Beacon,NY,US,https://www.beanscatcafe.com/,https://www.beanscatcafe.com/,41.5049883,-73.9701454,active,2026-07-06,Promoted from OSM review; OSM supplies address and official site confirms adoptable cats at the Beacon location.
The Scratching Post,114 East University Avenue,Champaign,IL,US,https://scratchingpostcu.com/,https://scratchingpostcu.com/,40.1164732,-88.2380776,active,2026-07-06,Promoted from OSM review; official site confirms cat lounge reservations and adoptable cats.
Give Purrs A Chance - Cat Cafe,51 Independence Street,Berkeley Springs,WV,US,https://givepurrsachance.org/,https://givepurrsachance.org/,39.6289206,-78.2270492,active,2026-07-06,"Promoted from OSM review; official site confirms open visitor hours, free-roaming cats, and adoptable cats."
The Catitude Cafe,225 East 11th Street Suite #100,Sioux Falls,SD,US,https://www.thecattitudecatcafe.com/,https://www.thecattitudecatcafe.com/,43.5445319,-96.7240388,active,2026-07-06,"Promoted from OSM review; official site confirms address, cat room reservations, and adoptable cats."
Whiskers Cat Lounge,938 NW Kings Blvd,Corvallis,OR,US,https://whiskerscatlounge.square.site/,https://whiskerscatlounge.square.site/,44.5764508,-123.2753874,active,2026-07-06,"Promoted from external baseline; official Square site confirms address, cat lounge visit sessions, and satellite adoption center for Heartland Humane."
Nabi Cat Cafe,2255 The Alameda,Santa Clara,CA,US,https://www.nabicatcafe.com/,https://www.nabicatcafe.com/,37.3446009,-121.9331760,active,2026-07-06,"Added from web/news discovery; official site confirms address, cat lounge reservations, and adoptable rescue cats."
All the Single Kitties Cat Cafe,242 Main Street,Old Saybrook,CT,US,https://allthesinglekitties.org/,https://allthesinglekitties.org/,41.2914240,-72.3758597,active,2026-07-06,"Promoted from Connecticut baseline; official site confirms address, bookable kitty lounge visits, and adoptable rescue cats."
Perk and Paws Cat Cafe,100 Franklin Street,Torrington,CT,US,https://perkandpawscatcafe.com/,https://perkandpawscatcafe.com/,41.8002110,-73.1177889,active,2026-07-06,"Promoted from Connecticut baseline; official site confirms address, cat lounge sessions, and adoptable cats."
Marcies Angels Cat Cafe,3039 Main Street,Glastonbury,CT,US,https://www.marciesangelscatcafe.com/,https://www.marciesangelscatcafe.com/,41.7269591,-72.6178151,active,2026-07-06,"Promoted from Connecticut baseline; official site confirms address, cat lounge, and adoptable felines."
Cattfeinated Cat Cafe,159 E. Otterman St.,Greensburg,PA,US,https://www.greensburgcatcafe.com/,https://www.greensburgcatcafe.com/,40.3041640,-79.5416906,active,2026-07-06,"Promoted from Pittsburgh baseline; official site confirms address, cat playrooms, and adoptable cats."
Kitty Queen Cat Rescue,4552 McKnight Rd Suite 400,Pittsburgh,PA,US,https://kittyqueencatrescue.com/,https://kittyqueencatrescue.com/,40.4987614,-80.0126672,active,2026-07-06,"Promoted from Pittsburgh baseline; official site confirms address, cat lounge visits, and adoptable cats."
Cats N'At,73 Shenot Road,Wexford,PA,US,https://www.catspgh.com/,https://www.catspgh.com/,40.6493250,-80.0797690,active,2026-07-06,"Promoted from Pittsburgh baseline; official site confirms address, cat lounge, and adoption center."
Whisker Wonderland Cat Lounge,51 North Balph Avenue,Bellevue,PA,US,https://whiskerwonderlandcatlounge.com/,https://whiskerwonderlandcatlounge.com/,40.4968210,-80.0548080,active,2026-07-06,"Promoted from Pittsburgh baseline; official site confirms address, cat lounge visits, and adoptable/rescue cats."
Cozy Cats Cafe,330 Saginaw Rd.,Sanford,MI,US,https://www.cozycatscafe.com/,https://www.cozycatscafe.com/,43.6725867,-84.3818384,active,2026-07-06,"Added from recent-news discovery; official site confirms address, cat room visits, and cats from local rescue."
The Kitty Beautiful,360 State Lane,Orlando,FL,US,https://thekittybeautiful.com/,https://thekittybeautiful.com/,28.5468430,-81.3803744,active,2026-07-06,"Promoted from external directory; official site confirms address, cat lounge reservations, and adoptable cats."
Orlando Cat Cafe,532 Cagan Park Ave.,Clermont,FL,US,https://www.orlandocatcafe.com/,https://www.orlandocatcafe.com/,28.3543551,-81.6778594,active,2026-07-06,"Promoted from external directory; official site confirms address, cat play/adoption area, and adoptable cats."
Tiny Lions Lounge & Adoption Center,5245 Jackson Rd,Ann Arbor,MI,US,https://www.tinylions.org/,https://www.tinylions.org/,42.2869448,-83.8339731,active,2026-07-06,"Promoted from external directory; official site confirms address, reservations, cat lounge, and adoptable cats."
Kzoo Cat Cafe and Rescue,4221 S Westnedge,Kalamazoo,MI,US,https://www.kzoocatcafe.com/,https://www.kzoocatcafe.com/,42.2487127,-85.5892535,active,2026-07-06,"Promoted from external directory; official site confirms address, bookable visits, cat interaction, and adoptable cats."
Felius Cat Cafe,5015 Dodge St Suite #101,Omaha,NE,US,https://felius.org/,https://felius.org/,41.2594713,-95.9912406,active,2026-07-06,"Promoted from external directory; official site confirms address, cat playroom sessions, and adoptable cats."
MeWow Cat Cafe,4161 E. Swamp Road,Doylestown,PA,US,https://mewow.cafe/,https://mewow.cafe/,40.3277662,-75.1282294,active,2026-07-06,"Promoted from external directory; official site confirms address, reservations, cat interaction, and adoptable cats."
Cat Nook Cafe,18 W. Winona Ave,Norwood,PA,US,https://catnookcafe.com/,https://catnookcafe.com/,39.8892892,-75.3000537,active,2026-07-06,"Promoted from external directory; official site confirms address, cat lounge reservations, and adoptable cats."
Le Cat Cafe,2713 W. Girard Ave,Philadelphia,PA,US,https://www.lecatcafe.org/,https://www.lecatcafe.org/,39.9745068,-75.1808815,active,2026-07-06,"Promoted from external directory; official site confirms address, booking/visit flow, cafe cats, and adoption platform."
Fat Cat Cafe,2901 East Park Ave Unit 2600,Tallahassee,FL,US,https://www.fatcatcafetally.com/,https://www.fatcatcafetally.com/,30.4413686,-84.2268907,active,2026-07-06,"Promoted from external directory; official site confirms address, walk-in cat cafe visits, adoption room, and adoptable rescue cats."
Bertha's Beans Cat Cafe,14 South 2nd Street,Columbia,MO,US,https://berthasbeans.com/,https://berthasbeans.com/,38.9514319,-92.3350369,active,2026-07-06,"Promoted from external directory old Papa's Cat Cafe entry; old domain redirects to current brand and official site confirms address, walk-in cat cafe visits, rescue partnership, and adoptable cats."
Karma Kat Cafe,612 E. Broadway,Mount Pleasant,MI,US,https://www.karmakatcafe.com/,https://www.karmakatcafe.com/,43.6044021,-84.7702587,active,2026-07-06,"Promoted from external directory; official site confirms address, current hours, reservations, cat lounge visits, and adoptable cats."
Kitty Co. Cat Rescue and Lounge,548 Baldwin St,Bridgeville,PA,US,https://www.axios.com/local/pittsburgh/2026/03/03/kitty-co-cat-cafe-bridgeville-opens,https://www.axios.com/local/pittsburgh/2026/03/03/kitty-co-cat-cafe-bridgeville-opens,40.3578933,-80.1086472,active,2026-07-06,"Promoted from recent news source; Axios confirms March 2026 opening, address, walk-in lounge hours, visitor interaction, and adoptable cats."
The Purrfect Lounge,17 Farmington Ave,Plainville,CT,US,https://www.ctinsider.com/living/article/purrfect-lounge-cat-plainville-ct-simon-foundation-20189314.php,https://www.ctinsider.com/living/article/purrfect-lounge-cat-plainville-ct-simon-foundation-20189314.php,41.6756037,-72.8592719,active,2026-07-06,"Promoted from local news source; CT Insider confirms address, reserved cat-lounge visits, adoptable rescue cats, and Simon Foundation rescue partner."
Catloops,970 Laval Crescent #2,Kamloops,BC,CA,https://www.catloops.ca/,https://www.catloops.ca/,50.661119,-120.365759,active,2026-07-06,"Official site confirms address, bookable cat lounge visits, rescue partnership, and adoptable foster cats."
Meow & Mocha Cat Cafe,315 W Oklahoma Ave,Guthrie,OK,US,https://www.meowandmochacatcafe.com/,https://www.meowandmochacatcafe.com/,,,active,2026-07-06,TravelOK confirms address; official site confirms cat lounge visits and adoptable foster cats.
don't stress meowt Cat Cafe Tulsa,5203 S Sheridan Rd,Tulsa,OK,US,https://dontstressmeowt-catcafe.com/tulsa,https://dontstressmeowt-catcafe.com/tulsa,,,active,2026-07-06,"External location sources confirm Tulsa address; official site confirms reservations, cat lounge visits, rescue partners, and adoptable cats."
9 Whiskers Lounge,510 S Mason Rd,Katy,TX,US,https://www.9whiskers.com/,https://www.9whiskers.com/,,,active,2026-07-06,"Promoted from external baseline; Official site confirms address, bookable cat lounge visits, resident cats, and adoption info."
Affogatto,600 S Wolfe St,Baltimore,MD,US,https://www.affogatto.com/,https://www.affogatto.com/,,,active,2026-07-06,"Promoted from external baseline; Official site confirms address, booking/visit flow, cafe cats, and adoption info."
Alley Cat Cafe,112 N Cayuga St,Ithaca,NY,US,https://www.alleycatithaca.com/,https://www.alleycatithaca.com/,,,active,2026-07-06,"Promoted from external baseline; Official site confirms address, cat room reservations, cats, and adoption partner."
Annie's Attic Thrift Shop & Cat Cafe,1560 Main St,Winnipeg,MB,CA,https://anniesattic.ca/cat-cafe/,https://anniesattic.ca/cat-cafe/,,,active,2026-07-06,"Promoted from external baseline; Official site confirms address, cat cafe visits, adoptable cats, and rescue partnership."
Avocato Catfe & Adoption Center,38437 Grand River Ave,Farmington Hills,MI,US,https://avocato.org/,https://avocato.org/,,,active,2026-07-06,"Promoted from external baseline; Official site confirms address, cat cafe lounge visits, and cat adoption center."
Biscuit Factory Cat Lounge,12 S 25th Street,Colorado Springs,CO,US,https://www.biscuitfactorycat.com/,https://www.biscuitfactorycat.com/,,,active,2026-07-06,"Promoted from external baseline; Official site confirms address, bookable cat cafe visits, and adoptable cats."
Biscuits & Beans Cat Café,185 N. Loudoun Street,Winchester,VA,US,https://biscuitsandbeans.com/,https://biscuitsandbeans.com/,,,active,2026-07-06,"Promoted from external baseline; Official site confirms address, cat lounge reservations, cats, and adoption info."
Boops & Beans Cat Cafe,207 Broad St.,Kingsport,TN,US,https://www.boopsandbeanscatcafe.com/,https://www.boopsandbeanscatcafe.com/,,,active,2026-07-06,"Promoted from external baseline; Official site confirms address, reservations, cat lounge, and adoptable cats."
Brews and Mews Cat Cafe,219 Main St.,Lenoir,NC,US,https://www.brewsandmewscafe.com/,https://www.brewsandmewscafe.com/,,,active,2026-07-06,"Promoted from external baseline; Official site confirms address, cat room visits, rescue partnership, and adoptable cats."
Btown Meow Cat Cafe,5015 SR 46 Unit H,Bloomington,IN,US,https://btownmeow.com/,https://btownmeow.com/,39.1867607,-86.5410654,active,2026-07-06,"Promoted from external baseline; Official site confirms address, reservations, cat lounge, and adoptions."
Cara's Cat Café,4507 Furling Lane Suite 101,Destin,FL,US,https://carascatcafe.com/,https://carascatcafe.com/,30.38722,-86.40331,active,2026-07-06,"Promoted from external baseline; Official site confirms address, bookings, adoptable cats, and visitor waiver."
Cat Cafe Maui,275 W Kaahumanu Ave,Kahului,HI,US,https://catcafemaui.com/,https://catcafemaui.com/,,,active,2026-07-06,"Promoted from external baseline; Official site confirms address, visit reservations, cats, and adoption milestones."
Cat Café MOFF Ala Moana Center,1450 Ala Moana Boulevard #1207,Honolulu,HI,US,https://moff-usa.com/locations/amc/,https://moff-usa.com/locations/amc/,,,active,2026-07-06,"Promoted from external baseline; Official site confirms address, walk-in cat cafe visits, cats, and current business hours."
Cat Café MOFF International Market Place,2330 Kalakaua Avenue,Honolulu,HI,US,https://moff-usa.com/locations/imp/,https://moff-usa.com/locations/imp/,,,active,2026-07-06,"Promoted from external baseline; Official site confirms address, walk-in cat cafe visits, cats, and current business hours."
Cat Café MOFF Pearlridge Center,98-1005 Moanalua Rd,Aiea,HI,US,https://moff-usa.com/locations/prc/,https://moff-usa.com/locations/prc/,,,active,2026-07-06,"Promoted from external baseline; Official site confirms address, walk-in cat cafe visits, cats, and current business hours."
Cat Cafe Rescue,14850 Pipeline Ave,Chino Hills,CA,US,https://chinohillscatadoptioncenter.com/,https://chinohillscatadoptioncenter.com/,,,active,2026-07-06,"Promoted from external baseline; Official site confirms address, cat rescue center, cat adoption, and public visitor services."
Cat Daddy Cat Café,2533 Main St,Columbia,SC,US,https://catdaddyscatcafe.com/,https://catdaddyscatcafe.com/,,,active,2026-07-06,"Promoted from external baseline; Official site confirms address, cat room visits, booking, and adoptable cats."
Cat Haven Lounge,23015 Colonial Pkwy B205,Katy,TX,US,https://www.cathavenlounge.com/,https://www.cathavenlounge.com/,,,active,2026-07-06,"Promoted from external baseline; Official site confirms address, bookable cat lounge visits, and adoptable cats."
Catelowna Cat Cafe,201-1441 Ellis Street,Kelowna,BC,CA,https://catelowna.com/,https://catelowna.com/,49.8880021,-119.4931928,active,2026-07-06,"Promoted from external baseline; Official site confirms address, bookable cat visits, cats, and adoption info."
Catfé Montclair,356 Bloomfield Ave Suite 5,Montclair,NJ,US,https://www.catfemontclair.com/,https://www.catfemontclair.com/,40.8119659,-74.2153603,active,2026-07-06,"Promoted from external baseline; Official site confirms address, cat lounge visits, adoption info, and adoptable cats."
Catffeinated,212 South Meridian,Puyallup,WA,US,https://catffeinated.net/,https://catffeinated.net/,,,active,2026-07-06,"Promoted from external baseline; Official site confirms address, bookable cat lounge visits, cat lounge events, and adoptions."
Catio Nashville,2416 Music Valley Dr. Ste. 119,Nashville,TN,US,https://www.thecationashville.com/,https://www.thecationashville.com/,36.2183277,-86.6959617,active,2026-07-06,"Promoted from external baseline; Official site confirms address, cat lounge booking, and adoptable cats."
Catpurrccinos,322 Main Street,Huntington,NY,US,https://www.catpurrccinos.com/,https://www.catpurrccinos.com/,,,active,2026-07-06,"Promoted from external baseline; Official site confirms address, bookable visits, cafe cats, and adoption info."
Cats & Crystals,510 N. Coast Hwy. Suite B,Oceanside,CA,US,https://www.catsandcrystals.com/,https://www.catsandcrystals.com/,33.1986815,-117.3817479,active,2026-07-06,"Promoted from external baseline; Official site confirms address, lounge visits, cats, and adoption info."
Cats and Caffeine Cat Lounge,4033 Henderson Blvd,Tampa,FL,US,https://catscaffeine.com/,https://catscaffeine.com/,,,active,2026-07-06,"Promoted from external baseline; Official site confirms address, kitten lounge visits, bookings, and adoptable cats."
Cattyshack Cafe,9902 Gulf Coast Main Street D-140,Fort Myers,FL,US,https://www.cattyshackcafe.com/,https://www.cattyshackcafe.com/,26.48714,-81.78929,active,2026-07-06,"Promoted from external baseline; Official site confirms address, bookable visits, cafe cats, and adoptable cats."
"Cattyshack, Inc.",2211 Seminole Drive Studio 1062,Huntsville,AL,US,https://cattyshackhuntsville.org/,https://cattyshackhuntsville.org/,34.7157921,-86.5973597,active,2026-07-06,"Promoted from external baseline; Official site confirms address, rescue lounge reservations, kitties, and adoptions."
Catzen Coffee,1416 Grand Avenue,Saint Paul,MN,US,https://www.catzencoffee.com/,https://www.catzencoffee.com/,,,active,2026-07-06,"Promoted from external baseline; Official site confirms address, cat reservations, cafe cats, and visitor hours."
Central Purr,7113 U.S. 98,Panama City Beach,FL,US,https://www.centralpurrofpcb.com/,https://www.centralpurrofpcb.com/,30.1818,-85.8364,active,2026-07-06,"Promoted from external baseline; Official site confirms address, cat cafe booking, cafe cats, and adoption info."
Champy’s Catfé,454 F Street,Lincoln,CA,US,https://fieldhavenmarketplace.com/champys-catfe/,https://fieldhavenmarketplace.com/champys-catfe/,,,active,2026-07-06,"Promoted from external baseline; Official site confirms address, catfe visits, cat adoptions, and rescue partnership."
Coastal Cat Cafe,1508 West Garden Street,Pensacola,FL,US,https://www.coastalcatpcola.com/,https://www.coastalcatpcola.com/,,,active,2026-07-06,"Promoted from external baseline; Official site confirms address, cat cafe booking, current residents, and adoptable cats."
Coffee and the Cats,315 B East St Patrick Street,Rapid City,SD,US,https://www.coffee-and-the-cats.com/,https://www.coffee-and-the-cats.com/,,,active,2026-07-06,"Promoted from external baseline; Official site confirms address, bookable cat room visits, cafe cats, and adoption info."
Comfort and Joy Cat Cafe,615 S. Nevada Ave,Colorado Springs,CO,US,https://www.comfortandjoycatcafe.com/,https://www.comfortandjoycatcafe.com/,,,active,2026-07-06,"Promoted from external baseline; Official site confirms address, bookable cat sessions, felines, and adoption info."
Meow Dyer Cat Cafe,41665 Fenwick Street,Leonardtown,MD,US,https://www.meowdyercatcafe.com/,https://www.meowdyercatcafe.com/,,,active,2026-07-06,"Promoted from external baseline; Official site confirms address, cat lounge visits, current cat room cats, and adoption info."
Paws Awhile Cat Cafe,1200 Macon Rd,Perry,GA,US,https://www.pawsawhilecatcafe.com/,https://www.pawsawhilecatcafe.com/,,,active,2026-07-06,"Promoted from external baseline; Official site confirms address, cat lounge booking, cat lounge rules, and adoption info."
Purrfect Café,2181 McNicoll Avenue,Scarborough,ON,CA,https://www.purrfectcafe.ca/,https://www.purrfectcafe.ca/,,,active,2026-07-06,"Promoted from external baseline; Official site confirms address, cat room reservations, cats, and adoption info."
River Kitty Cat Café,226 Main Street,Evansville,IN,US,https://www.riverkittycatcafe.org/,https://www.riverkittycatcafe.org/,,,active,2026-07-06,"Promoted from external baseline; Official site confirms address, reservations, adoptable cats, and cat cafe visitor flow."
RubyCats,618 Adams St.,Toledo,OH,US,https://www.rubycats.org/,https://www.rubycats.org/,,,active,2026-07-06,"Promoted from external baseline; Official site confirms address, bookable cat-time visits, cats, and adoption info."
Salty Cat Cafe,1732 Bayview Avenue,Panama City,FL,US,https://www.saltycatsrescue.org/,https://www.saltycatsrescue.org/,,,active,2026-07-06,"Promoted from external baseline; Official site confirms address, bookable cat visits, cats, and adoption/rescue work."
Scratching Post Cat Cafe,230 Market Street Suite 1,Lewisburg,PA,US,https://www.cherishedcats.org/catcafe,https://www.cherishedcats.org/catcafe,40.9648908,-76.8841228,active,2026-07-06,"Promoted from external baseline; Official site confirms address, cat cafe visits, and adoptable cats."
Second Chance Cat Cafe,411 Corporate Drive Suite H,Houma,LA,US,http://www.secondchancecatcafe.com/,http://www.secondchancecatcafe.com/,29.603275,-90.753987,active,2026-07-06,"Promoted from external baseline; Official site confirms address, bookable cat cafe visits, interaction policy, and adoptions."
Second Cup Cat Cafe Shawnee,7426 Nieman Rd,Shawnee,KS,US,https://secondcupcatcafe.com/,https://secondcupcatcafe.com/,,,active,2026-07-06,"Promoted from external baseline; Official site confirms Shawnee address, nonprofit cat lounge visits, and rescue partner adoptions."
Something Pawsitive,223 S Pruett St,Paragould,AR,US,https://www.somethingpawsitive.com/,https://www.somethingpawsitive.com/,,,active,2026-07-06,"Promoted from external baseline; Official site confirms address, cat cafe model, visitor pricing, and adoptions."
Tabby Tea Cat Lounge,606 W. Covell Blvd,Davis,CA,US,https://cattalesdavis.com/cat-lounge-adoptions/,https://cattalesdavis.com/cat-lounge-adoptions/,,,active,2026-07-06,"Promoted from external baseline; Official site confirms address, cat lounge/adoption center, and bookable visits."
Tail Town Cat Cafe,1780 E Washington Blvd,Pasadena,CA,US,https://www.tailtowncats.com/,https://www.tailtowncats.com/,,,active,2026-07-06,"Promoted from external baseline; Official site confirms address, bookable cat visits, and adoption/rescue mission."
The Cat House Lounge & Boutique,344 Irving Park Rd,Roselle,IL,US,https://www.thecathouselounge.com/,https://www.thecathouselounge.com/,,,active,2026-07-06,"Promoted from external baseline; Official site confirms address, bookable cat house visits, lounge cats, and shelter partners."
The Cat's Brew,2414 Montana Avenue,Sun Prairie,WI,US,https://www.thecatsbrew.com/,https://www.thecatsbrew.com/,,,active,2026-07-06,"Promoted from external baseline; Official site confirms address, cat cafe visits, reservations, and cats on site."
The Kitty Crib,3113 N Market Street,Champaign,IL,US,https://mooresrescueranch.org/the-kitty-crib/,https://mooresrescueranch.org/the-kitty-crib/,,,active,2026-07-06,"Promoted from external baseline; Official site confirms address, nonprofit cat lounge hours, cats, and adoption info."
The Purrfect Pour Cat Cafe,145 Vandiver Drive,Lincolnton,NC,US,https://www.thepurrfectpourcatcafe.com/,https://www.thepurrfectpourcatcafe.com/,35.496179,-81.24297,active,2026-07-06,"Promoted from external baseline; Official site confirms address, reservations, cat lounge, and adoption info."
The Whisker Room,926 2nd St,Muskegon,MI,US,https://thewhiskerroom.org/,https://thewhiskerroom.org/,,,active,2026-07-06,"Promoted from external baseline; Official site confirms address, cat time visits, cats, and adoption info."
Whiskers and Wine Bar,2856 Adams Ave.,San Diego,CA,US,https://www.whiskersandwinebar.com/,https://www.whiskersandwinebar.com/,,,active,2026-07-06,"Promoted from external baseline; Official site confirms address, reservations, cat cafe, and adoption info."
Whiskers Cat Cafe,3705 Southwest Trafficway,Kansas City,MO,US,https://www.whiskerskc.com/,https://www.whiskerskc.com/,,,active,2026-07-06,"Promoted from external baseline; Official site confirms address, cat lounge reservations, coffeehouse, and adoption info."
Whiskerwood Haven,3000 Geary Boulevard,San Francisco,CA,US,https://www.whiskerwoodhaven.com/,https://www.whiskerwoodhaven.com/,,,active,2026-07-06,"Promoted from external baseline; Official site confirms address, cat cafe visits, cats, and adoption/rescue partners."
Wired Whisker,1823 E Superior Street,Duluth,MN,US,https://www.wiredwhisker.com/,https://www.wiredwhisker.com/,,,active,2026-07-06,"Promoted from external baseline; Official site confirms address, bookable cat lounge visits, cats, and adoption info."
